unique_id,gender,hold racket handed,play years_0,play years_1,play years_2,level_2,level_3,level_4,level_5
1968,0.7970,0.9366,0.0200,0.7203,0.2597,0.2426,0.4603,0.0957,0.2014
1969,0.7290,0.9949,0.0199,0.7316,0.2485,0.1412,0.0471,0.0910,0.7207
1970,0.9844,0.9941,0.0197,0.7246,0.2556,0.1386,0.0462,0.0883,0.7270
1971,0.9832,0.9948,0.0197,0.7269,0.2534,0.1394,0.0465,0.0894,0.7247
1972,0.4430,0.9731,0.0200,0.7130,0.2670,0.2354,0.4241,0.1055,0.2350
1973,0.9130,0.9943,0.1721,0.1295,0.6984,0.5222,0.2006,0.0672,0.2100
1974,0.9810,0.9944,0.0197,0.7243,0.2560,0.1395,0.0465,0.0896,0.7244
1975,0.9950,0.9944,0.0198,0.7313,0.2488,0.1460,0.0487,0.0949,0.7104
1976,0.9844,0.6283,0.4082,0.3690,0.2227,0.1769,0.1952,0.1051,0.5228
1977,0.9938,0.9938,0.0197,0.7274,0.2529,0.1388,0.0463,0.0886,0.7263
1978,0.9957,0.9938,0.0196,0.7287,0.2517,0.1385,0.0462,0.0882,0.7271
1979,0.9750,0.9837,0.0198,0.7298,0.2504,0.1398,0.0466,0.0910,0.7226
1980,0.6808,0.0043,0.0198,0.0344,0.9458,0.7188,0.0370,0.0592,0.1850
1981,0.9756,0.0045,0.0476,0.7066,0.2457,0.1641,0.1602,0.1029,0.5728
1982,0.9970,0.9943,0.0197,0.7260,0.2543,0.1386,0.0462,0.0883,0.7269
1983,0.8440,0.0164,0.0243,0.6453,0.3304,0.1853,0.0499,0.0988,0.6660
1984,0.9176,0.9927,0.2387,0.2731,0.4883,0.7120,0.0379,0.0606,0.1895
1985,0.9954,0.0100,0.1570,0.6177,0.2253,0.2032,0.2655,0.1127,0.4186
1986,0.9134,0.9947,0.4633,0.3466,0.1901,0.1558,0.1260,0.1007,0.6175
1987,0.9669,0.8320,0.0197,0.6245,0.3558,0.1404,0.0468,0.0922,0.7207
1988,0.9713,0.9573,0.0765,0.4596,0.4639,0.5234,0.0553,0.1146,0.3067
1989,0.5545,0.9690,0.3637,0.4305,0.2058,0.1813,0.2192,0.1041,0.4954
1990,0.4977,0.0039,0.0200,0.5270,0.4530,0.5146,0.0491,0.1007,0.3356
1991,0.8568,0.9801,0.0815,0.4303,0.4882,0.4304,0.0982,0.1016,0.3698
1992,0.1921,0.9884,0.0197,0.7256,0.2547,0.1489,0.0864,0.0995,0.6652
1993,0.5886,0.0047,0.4770,0.3193,0.2037,0.1403,0.0468,0.0907,0.7223
1994,0.9910,0.9942,0.3999,0.4038,0.1964,0.1795,0.2129,0.1031,0.5045
1995,0.5264,0.9924,0.2958,0.4548,0.2494,0.2497,0.4420,0.1050,0.2034
1996,0.3392,0.7389,0.1947,0.5736,0.2317,0.1496,0.0991,0.1027,0.6486
1997,0.9786,0.9946,0.4535,0.3658,0.1808,0.1403,0.0468,0.0897,0.7233
1998,0.9849,0.9918,0.3403,0.4580,0.2017,0.1430,0.0477,0.0932,0.7162
1999,0.9936,0.9946,0.0197,0.7304,0.2500,0.1393,0.0464,0.0890,0.7253
2000,0.9663,0.9912,0.3575,0.3745,0.2680,0.3610,0.3557,0.0812,0.2022
2001,0.8756,0.9383,0.5611,0.2677,0.1711,0.3564,0.3136,0.1132,0.2168
2002,0.9666,0.8516,0.0198,0.6990,0.2812,0.1626,0.1310,0.1046,0.6018
2003,0.0712,0.9935,0.2284,0.5501,0.2215,0.1480,0.0648,0.0980,0.6892
2004,0.4935,0.9930,0.1765,0.4362,0.3873,0.6675,0.0448,0.0697,0.2179
2005,0.0137,0.0382,0.0194,0.0194,0.9612,0.7167,0.0373,0.0596,0.1864
2006,0.9994,0.0045,0.0198,0.7323,0.2479,0.1408,0.0469,0.0904,0.7219
2007,0.9986,0.0039,0.1833,0.5878,0.2290,0.2372,0.3546,0.1505,0.2577
2008,0.9507,0.0064,0.0418,0.7033,0.2548,0.1470,0.0490,0.1076,0.6964
2009,0.3484,0.0045,0.5748,0.2406,0.1845,0.1483,0.0574,0.1011,0.6931
2010,0.5628,0.9685,0.0435,0.7068,0.2497,0.1491,0.0711,0.1006,0.6792
2011,0.9975,0.0039,0.0577,0.4245,0.5177,0.2413,0.0580,0.1920,0.5086
2012,0.6389,0.6832,0.0199,0.7091,0.2711,0.3287,0.3362,0.1037,0.2314
2013,0.9419,0.9911,0.0241,0.7265,0.2495,0.1481,0.0641,0.0979,0.6899
2014,0.9970,0.9940,0.0197,0.7272,0.2531,0.1387,0.0462,0.0883,0.7268
2015,0.8886,0.0048,0.0924,0.6270,0.2806,0.3389,0.0624,0.1751,0.4236
2016,0.8868,0.9894,0.1635,0.5575,0.2790,0.3357,0.2956,0.1481,0.2205
2017,0.7726,0.9939,0.0196,0.7317,0.2487,0.1390,0.0463,0.0895,0.7252
2018,0.9895,0.9941,0.1844,0.5863,0.2293,0.1837,0.2258,0.1051,0.4853
2019,0.9943,0.9946,0.0197,0.7280,0.2523,0.1423,0.0474,0.0920,0.7183
2020,0.0315,0.0195,0.0239,0.0197,0.9565,0.7171,0.0372,0.0596,0.1861
2021,0.4362,0.2686,0.0223,0.0314,0.9463,0.6945,0.0396,0.0680,0.1979
2022,0.0139,0.0282,0.0194,0.0194,0.9611,0.7207,0.0367,0.0588,0.1837
2023,0.9589,0.9049,0.0197,0.6676,0.3127,0.1399,0.0466,0.0929,0.7205
2024,0.8331,0.8326,0.0200,0.7243,0.2557,0.2030,0.2785,0.1073,0.4112
2025,0.7278,0.9165,0.0199,0.4391,0.5411,0.2005,0.0492,0.1023,0.6481
2026,0.9763,0.9934,0.1090,0.6357,0.2553,0.2844,0.2233,0.1039,0.3884
2027,0.4725,0.9927,0.0198,0.4036,0.5767,0.6433,0.0444,0.0903,0.2220
2028,0.9767,0.0040,0.1747,0.3188,0.5064,0.3446,0.0494,0.1038,0.5023
2029,0.8376,0.9915,0.0311,0.7198,0.2491,0.1496,0.1018,0.1002,0.6485
2030,0.7697,0.9868,0.0620,0.6802,0.2577,0.2809,0.4001,0.1060,0.2131
2031,0.7753,0.9898,0.4403,0.2985,0.2612,0.2371,0.4529,0.0975,0.2126
2032,0.9991,0.9950,0.0197,0.7313,0.2490,0.1480,0.0720,0.0967,0.6833
2033,0.2402,0.9937,0.2421,0.2880,0.4699,0.6675,0.0438,0.0700,0.2188
2034,0.1149,0.9787,0.2355,0.4984,0.2661,0.2737,0.3668,0.1470,0.2125
2035,0.9492,0.0139,0.2648,0.4720,0.2633,0.2753,0.3708,0.1325,0.2214
2036,0.4833,0.9784,0.2864,0.4990,0.2146,0.1472,0.0493,0.0961,0.7074
2037,0.9689,0.9938,0.0851,0.1644,0.7504,0.5873,0.1339,0.0682,0.2106
2038,0.9949,0.9936,0.4395,0.3689,0.1916,0.1547,0.1297,0.1001,0.6155
2039,0.9382,0.9948,0.1735,0.5987,0.2277,0.2353,0.4460,0.0994,0.2193
2040,0.9409,0.9938,0.5469,0.2439,0.2092,0.2344,0.4670,0.0948,0.2037
2041,0.9956,0.9908,0.5535,0.2788,0.1677,0.1589,0.1405,0.1029,0.5976
2042,0.9957,0.9913,0.2293,0.5453,0.2254,0.2429,0.4533,0.0970,0.2068
2043,0.9862,0.9944,0.0439,0.7103,0.2459,0.1909,0.2398,0.1066,0.4627
2044,0.7050,0.9067,0.0480,0.0927,0.8593,0.7037,0.0390,0.0624,0.1949
2045,0.3271,0.9521,0.0199,0.7242,0.2559,0.1451,0.0484,0.0947,0.7119
2046,0.9922,0.9950,0.0948,0.6643,0.2409,0.1419,0.0473,0.0921,0.7187
2047,0.5221,0.9932,0.5257,0.2886,0.1857,0.2358,0.4172,0.1074,0.2395
2048,0.9758,0.9931,0.5708,0.2332,0.1960,0.2345,0.4675,0.0946,0.2033
2049,0.9781,0.9943,0.0198,0.7310,0.2493,0.1451,0.0484,0.0965,0.7101
2050,0.9932,0.9936,0.5952,0.2285,0.1764,0.1828,0.0494,0.1119,0.6558
2051,0.9883,0.9817,0.0272,0.7254,0.2474,0.2255,0.3509,0.1141,0.3095
2052,0.9943,0.9944,0.0197,0.7233,0.2569,0.1392,0.0464,0.0894,0.7250
2053,0.9853,0.9912,0.3048,0.1782,0.5171,0.4218,0.0483,0.0828,0.4471
2054,0.9893,0.9911,0.1902,0.3695,0.4402,0.4427,0.2679,0.0819,0.2075
2055,0.9853,0.8865,0.0199,0.7035,0.2766,0.1443,0.0481,0.0923,0.7152
2056,0.9945,0.9892,0.2514,0.2371,0.5115,0.3110,0.3993,0.0880,0.2016
2057,0.1400,0.9889,0.5650,0.2428,0.1922,0.1839,0.2156,0.1051,0.4954
2058,0.1146,0.9940,0.0197,0.7300,0.2503,0.1398,0.0466,0.0901,0.7235
2059,0.3611,0.9520,0.0501,0.7031,0.2468,0.1806,0.2065,0.1039,0.5091
2060,0.9303,0.7473,0.4556,0.3337,0.2108,0.1438,0.0479,0.0949,0.7134
2061,0.8782,0.9902,0.5025,0.3087,0.1888,0.2575,0.3774,0.1551,0.2100
2062,0.9287,0.9924,0.4106,0.3097,0.2797,0.3192,0.0497,0.1885,0.4426
2063,0.9942,0.8956,0.0197,0.6702,0.3102,0.1441,0.0480,0.0964,0.7115
2064,0.9933,0.0047,0.0197,0.7333,0.2470,0.1391,0.0464,0.0896,0.7249
2065,0.6555,0.8963,0.0197,0.1189,0.8614,0.7008,0.0394,0.0630,0.1968
2066,0.0301,0.9329,0.0207,0.2885,0.6907,0.7117,0.0379,0.0607,0.1896
2067,0.8665,0.0043,0.2444,0.5031,0.2525,0.4161,0.1848,0.1385,0.2606
2068,0.9956,0.0101,0.0198,0.7314,0.2489,0.1411,0.0470,0.0911,0.7208
2069,0.9705,0.9924,0.1226,0.5325,0.3448,0.2918,0.4215,0.0869,0.1999
2070,0.9684,0.9925,0.0197,0.6934,0.2868,0.1408,0.0469,0.0919,0.7203
2071,0.9916,0.0045,0.2238,0.5557,0.2205,0.1389,0.0463,0.0891,0.7257
2072,0.6677,0.0045,0.0199,0.7310,0.2491,0.1391,0.0464,0.0895,0.7251
2073,0.9996,0.0045,0.0197,0.7333,0.2470,0.1451,0.0484,0.0940,0.7125
2074,0.3753,0.9608,0.3075,0.4830,0.2095,0.1464,0.0488,0.0957,0.7091
2075,0.9429,0.9926,0.1346,0.1029,0.7625,0.6799,0.0487,0.0658,0.2056
2076,0.9246,0.9920,0.1953,0.4729,0.3318,0.2441,0.4655,0.0915,0.1989
2077,0.9245,0.9922,0.4155,0.2886,0.2959,0.2366,0.4489,0.0999,0.2145
2078,0.9332,0.9906,0.3843,0.3847,0.2310,0.2566,0.4489,0.0923,0.2023
2079,0.0443,0.2800,0.0195,0.0195,0.9610,0.7166,0.0373,0.0597,0.1865
2080,0.9068,0.7286,0.0199,0.7102,0.2699,0.2088,0.2817,0.1130,0.3965
2081,0.9998,0.0045,0.0292,0.7232,0.2476,0.1679,0.1737,0.1028,0.5556
2082,0.6542,0.9924,0.3135,0.2614,0.4251,0.5099,0.0482,0.0771,0.3649
2083,0.7614,0.4941,0.0199,0.7063,0.2739,0.2107,0.1419,0.1032,0.5443
2084,0.9841,0.9904,0.5257,0.3029,0.1713,0.2615,0.3682,0.1131,0.2572
2085,0.9840,0.9943,0.0197,0.7303,0.2500,0.1407,0.0469,0.0919,0.7205
2086,0.9693,0.9949,0.0197,0.7244,0.2559,0.1476,0.0492,0.0988,0.7045
2087,0.8942,0.9948,0.2328,0.5482,0.2190,0.2364,0.4310,0.1029,0.2297
2088,0.9888,0.9948,0.3697,0.4332,0.1970,0.1706,0.1807,0.1042,0.5445
2089,0.9286,0.9913,0.3430,0.4529,0.2041,0.1503,0.1128,0.1012,0.6356
2090,0.9639,0.9893,0.0922,0.6648,0.2431,0.1431,0.0477,0.0932,0.7161
2091,0.5625,0.9895,0.1846,0.5774,0.2380,0.2539,0.4190,0.1060,0.2211
2092,0.1847,0.8382,0.5127,0.3042,0.1831,0.2371,0.3858,0.1120,0.2651
2093,0.9908,0.9949,0.0197,0.7298,0.2506,0.1397,0.0466,0.0894,0.7243
2094,0.9279,0.9895,0.4537,0.3538,0.1925,0.2161,0.3255,0.1087,0.3498
2095,0.9327,0.0056,0.1201,0.6454,0.2345,0.1387,0.0462,0.0891,0.7260
2096,0.9408,0.9882,0.0199,0.2918,0.6883,0.4676,0.2464,0.0768,0.2093
2097,0.9969,0.0041,0.1405,0.6291,0.2304,0.2113,0.3049,0.1240,0.3597
2098,0.9363,0.9920,0.4090,0.3462,0.2448,0.2421,0.4665,0.0918,0.1996
2099,0.9298,0.9634,0.0200,0.7231,0.2569,0.1786,0.1785,0.1178,0.5252
2100,0.2298,0.9938,0.0356,0.3018,0.6626,0.4498,0.0475,0.0761,0.4266
2101,0.6727,0.9692,0.0198,0.3914,0.5888,0.6729,0.0430,0.0689,0.2152
2102,0.9444,0.0041,0.0631,0.6831,0.2538,0.2380,0.4652,0.0946,0.2022
2103,0.9916,0.9940,0.0198,0.7293,0.2509,0.1496,0.1028,0.1000,0.6476
2104,0.7509,0.9908,0.1371,0.3227,0.5402,0.4614,0.2286,0.0966,0.2134
2105,0.9693,0.9942,0.0197,0.7326,0.2478,0.1418,0.0473,0.0916,0.7194
2106,0.4704,0.9361,0.1947,0.5808,0.2245,0.1605,0.1353,0.1017,0.6025
2107,0.9940,0.9949,0.0197,0.7264,0.2539,0.1388,0.0463,0.0884,0.7265
2108,0.9943,0.9943,0.0196,0.7281,0.2523,0.1388,0.0463,0.0884,0.7265
2109,0.8367,0.9892,0.4042,0.3790,0.2169,0.1601,0.1227,0.1022,0.6149
2110,0.9789,0.9936,0.0199,0.0479,0.9321,0.6739,0.0429,0.0686,0.2145
2111,0.8691,0.9916,0.0341,0.2158,0.7501,0.6980,0.0397,0.0636,0.1987
2112,0.7399,0.7364,0.0233,0.6822,0.2945,0.2109,0.0532,0.1006,0.6353
2113,0.9894,0.9913,0.1074,0.4792,0.4135,0.3485,0.3550,0.0894,0.2072
2114,0.9201,0.9923,0.5962,0.1779,0.2259,0.2828,0.0494,0.1615,0.5062
2115,0.7274,0.9062,0.0198,0.7221,0.2582,0.1428,0.0476,0.0949,0.7148
2116,0.9851,0.9943,0.0200,0.4729,0.5071,0.3702,0.3397,0.0815,0.2086
2117,0.9815,0.9836,0.2035,0.4634,0.3331,0.2702,0.4376,0.0915,0.2007
2118,0.9994,0.9943,0.0199,0.7317,0.2484,0.1490,0.0908,0.0990,0.6612
2119,0.7832,0.0229,0.2199,0.3630,0.4171,0.3150,0.0496,0.1720,0.4634
2120,0.9964,0.0040,0.1318,0.6341,0.2341,0.2364,0.4357,0.1097,0.2183
2121,0.3561,0.9942,0.0239,0.7249,0.2512,0.1419,0.0473,0.0924,0.7184
2122,0.9182,0.9916,0.0550,0.5356,0.4094,0.2635,0.4482,0.0890,0.1993
2123,0.7954,0.9931,0.0196,0.7318,0.2485,0.1393,0.0464,0.0899,0.7244
2124,0.0348,0.9758,0.0197,0.7297,0.2506,0.1411,0.0470,0.0920,0.7198
2125,0.9972,0.9949,0.0197,0.7329,0.2475,0.1389,0.0463,0.0888,0.7260
2126,0.8818,0.0059,0.1857,0.5859,0.2284,0.1407,0.0469,0.0912,0.7212
2127,0.0999,0.8747,0.1370,0.6228,0.2402,0.1497,0.0702,0.1019,0.6781
2128,0.9988,0.9950,0.0198,0.7301,0.2502,0.1485,0.0817,0.0974,0.6725
2129,0.8526,0.9936,0.0199,0.7298,0.2504,0.1412,0.0471,0.0915,0.7203
2130,0.9952,0.0061,0.0199,0.7242,0.2559,0.1478,0.0559,0.1012,0.6952
2131,0.9409,0.7921,0.0220,0.6722,0.3059,0.1484,0.0629,0.1032,0.6855
2132,0.8544,0.9912,0.2884,0.4368,0.2748,0.2387,0.4709,0.0916,0.1988
2133,0.9873,0.9937,0.0197,0.7316,0.2487,0.1393,0.0464,0.0891,0.7252
2134,0.9977,0.9942,0.0198,0.7309,0.2493,0.1410,0.0470,0.0908,0.7212
2135,0.9960,0.0040,0.3797,0.4307,0.1896,0.2382,0.3584,0.1581,0.2454
2136,0.8808,0.9939,0.1179,0.5969,0.2852,0.2480,0.4589,0.0922,0.2009
2137,0.9935,0.0045,0.1723,0.5945,0.2332,0.1857,0.2250,0.1104,0.4789
2138,0.8345,0.9948,0.0316,0.7208,0.2475,0.1411,0.0470,0.0916,0.7203
2139,0.9756,0.9940,0.0196,0.7303,0.2500,0.1398,0.0466,0.0918,0.7217
2140,0.9941,0.9945,0.0196,0.7302,0.2502,0.1389,0.0463,0.0883,0.7266
2141,0.7504,0.4807,0.0673,0.5774,0.3554,0.4626,0.2283,0.0820,0.2271
2142,0.7089,0.0051,0.0777,0.6801,0.2422,0.1428,0.0476,0.0929,0.7166
2143,0.7215,0.9338,0.0298,0.6133,0.3569,0.1835,0.0557,0.0992,0.6617
2144,0.9547,0.9471,0.0197,0.7313,0.2490,0.1417,0.0472,0.0924,0.7187
2145,0.9460,0.9923,0.4783,0.2310,0.2907,0.3575,0.3226,0.1028,0.2171
2146,0.9936,0.9942,0.0197,0.7266,0.2537,0.1400,0.0467,0.0903,0.7231
2147,0.0158,0.5390,0.2230,0.5501,0.2269,0.1450,0.0483,0.0948,0.7118
2148,0.5735,0.9942,0.0197,0.7314,0.2489,0.1392,0.0464,0.0893,0.7251
2149,0.9995,0.0045,0.0232,0.7168,0.2600,0.1483,0.0591,0.0993,0.6933
2150,0.7404,0.0043,0.1294,0.6358,0.2348,0.1935,0.2149,0.1086,0.4831
2151,0.9842,0.9942,0.0736,0.0456,0.8808,0.7014,0.0393,0.0629,0.1964
2152,0.0687,0.5824,0.0435,0.7064,0.2501,0.1422,0.0474,0.0934,0.7170
2153,0.8140,0.9867,0.0571,0.0914,0.8515,0.6352,0.0403,0.1228,0.2017
2154,0.2182,0.9871,0.0198,0.7203,0.2599,0.1488,0.0880,0.0989,0.6642
2155,0.7093,0.0063,0.2470,0.5345,0.2185,0.1898,0.2407,0.1056,0.4639
2156,0.8822,0.9906,0.0631,0.2881,0.6488,0.3951,0.3185,0.0800,0.2065
2157,0.8678,0.9941,0.0727,0.6864,0.2408,0.1410,0.0470,0.0915,0.7205
2158,0.9975,0.0047,0.0200,0.7316,0.2484,0.1408,0.0469,0.0905,0.7218
2159,0.3632,0.9930,0.2925,0.4859,0.2216,0.1683,0.1729,0.1027,0.5562
2160,0.9810,0.9950,0.0198,0.7269,0.2532,0.1479,0.0544,0.0965,0.7012
2161,0.9865,0.9940,0.0197,0.7323,0.2480,0.1415,0.0472,0.0928,0.7185
2162,0.0393,0.4895,0.0366,0.7135,0.2499,0.1424,0.0475,0.0929,0.7173
2163,0.9830,0.9793,0.0313,0.7201,0.2487,0.1505,0.1163,0.1002,0.6330
2164,0.9548,0.9679,0.0197,0.7272,0.2531,0.1488,0.0655,0.1014,0.6844
2165,0.9967,0.9947,0.0198,0.7302,0.2500,0.1401,0.0467,0.0902,0.7229
2166,0.9820,0.9914,0.0197,0.1055,0.8748,0.5858,0.0391,0.1793,0.1957
2167,0.9906,0.9943,0.0197,0.7318,0.2486,0.1393,0.0464,0.0898,0.7244
2168,0.9496,0.0056,0.0200,0.7293,0.2507,0.1393,0.0464,0.0898,0.7244
2169,0.0771,0.9452,0.1642,0.0236,0.8122,0.6835,0.0416,0.0666,0.2082
2170,0.4145,0.9894,0.5861,0.2376,0.1762,0.2347,0.4545,0.0974,0.2134
2171,0.4681,0.1618,0.0199,0.5138,0.4664,0.4647,0.1508,0.0817,0.3028
2172,0.1719,0.9933,0.1656,0.5664,0.2681,0.2480,0.3743,0.1478,0.2300
2173,0.7347,0.0056,0.0954,0.6655,0.2391,0.1763,0.1982,0.1042,0.5213
2175,0.8131,0.0041,0.0925,0.2288,0.6788,0.2648,0.4158,0.1080,0.2114
2176,0.9121,0.9936,0.0872,0.1427,0.7701,0.7121,0.0379,0.0606,0.1894
2177,0.1432,0.9877,0.3702,0.4312,0.1986,0.1427,0.0476,0.0928,0.7169
2178,0.7915,0.2697,0.0199,0.6856,0.2945,0.1469,0.0490,0.0965,0.7076
2179,0.5945,0.3671,0.0199,0.5160,0.4642,0.1531,0.0485,0.0998,0.6986
2180,0.6890,0.0042,0.0484,0.7045,0.2472,0.1877,0.2073,0.1111,0.4938
2181,0.9244,0.9925,0.3685,0.2583,0.3732,0.5782,0.1610,0.0632,0.1976
2183,0.9950,0.9910,0.2524,0.5130,0.2346,0.2420,0.4624,0.0942,0.2013
2184,0.8827,0.9910,0.2123,0.2246,0.5630,0.7058,0.0387,0.0619,0.1935
2185,0.9604,0.9937,0.2388,0.4559,0.3053,0.2689,0.4334,0.0928,0.2048
2186,0.9918,0.0047,0.0336,0.7198,0.2465,0.1390,0.0463,0.0902,0.7245
2187,0.9406,0.9925,0.1232,0.4571,0.4197,0.3284,0.3933,0.0790,0.1994
2188,0.8324,0.9928,0.1310,0.6325,0.2364,0.1470,0.0490,0.0974,0.7067
2189,0.7572,0.9610,0.0448,0.3847,0.5705,0.5207,0.1710,0.0747,0.2336
2190,0.3319,0.9517,0.0531,0.6985,0.2484,0.1479,0.0659,0.0975,0.6887
2191,0.7937,0.0042,0.4106,0.3314,0.2581,0.3183,0.1886,0.1176,0.3755
2192,0.9968,0.9941,0.0196,0.7298,0.2505,0.1408,0.0469,0.0906,0.7217
2193,0.9406,0.9855,0.0533,0.7002,0.2465,0.1660,0.1595,0.1020,0.5725
2194,0.1936,0.9940,0.4798,0.2765,0.2437,0.2354,0.4536,0.0979,0.2132
2195,0.6941,0.5205,0.0198,0.7246,0.2557,0.1769,0.1944,0.1100,0.5187
2196,0.7512,0.9930,0.0198,0.7305,0.2497,0.1395,0.0465,0.0898,0.7242
2197,0.9973,0.0045,0.1892,0.5847,0.2261,0.1388,0.0463,0.0886,0.7263
2198,0.2161,0.9924,0.3735,0.3751,0.2514,0.2361,0.4300,0.1038,0.2300
2199,0.3123,0.9935,0.0197,0.7269,0.2533,0.1438,0.0479,0.0937,0.7146
2200,0.9609,0.9903,0.1475,0.4989,0.3536,0.4809,0.0495,0.0835,0.3860
2201,0.9526,0.9930,0.3189,0.2847,0.3964,0.5248,0.1869,0.0755,0.2127
2202,0.8022,0.9576,0.0199,0.7255,0.2546,0.1494,0.0974,0.1004,0.6527
2203,0.9614,0.9869,0.0197,0.7241,0.2562,0.1465,0.0488,0.0986,0.7061
2204,0.9392,0.0063,0.1229,0.6294,0.2477,0.1485,0.0753,0.1040,0.6721
2205,0.9871,0.9926,0.1989,0.2841,0.5170,0.4361,0.2270,0.0969,0.2399
2206,0.9919,0.9939,0.3637,0.4401,0.1962,0.1427,0.0476,0.0925,0.7173
2207,0.1129,0.9932,0.0523,0.0210,0.9267,0.7090,0.0383,0.0613,0.1914
2208,0.8816,0.9916,0.3614,0.4436,0.1950,0.1481,0.0703,0.0978,0.6838
2209,0.8882,0.9916,0.1395,0.3558,0.5047,0.7053,0.0388,0.0620,0.1939
2210,0.9215,0.9926,0.0196,0.7324,0.2479,0.1400,0.0467,0.0908,0.7225
2211,0.9201,0.9928,0.0503,0.2149,0.7349,0.7054,0.0388,0.0620,0.1938
2212,0.8775,0.9791,0.0451,0.7030,0.2519,0.2711,0.3902,0.1298,0.2088
2213,0.9224,0.0039,0.2028,0.4804,0.3168,0.3147,0.0775,0.1051,0.5027
2214,0.7893,0.9943,0.4948,0.3093,0.1959,0.1480,0.0551,0.0979,0.6989
2215,0.3802,0.9915,0.3159,0.4663,0.2177,0.2352,0.4299,0.1038,0.2311
2216,0.9413,0.0045,0.1493,0.6075,0.2432,0.2435,0.4349,0.1026,0.2190
2217,0.5740,0.9913,0.1841,0.5735,0.2424,0.2563,0.4356,0.0988,0.2093
2218,0.9534,0.9733,0.0198,0.6979,0.2824,0.1405,0.0468,0.0946,0.7181
2219,0.9681,0.9919,0.1028,0.6314,0.2659,0.2706,0.2844,0.1128,0.3323
2220,0.8028,0.0062,0.0335,0.7146,0.2518,0.1968,0.2571,0.1059,0.4402
2221,0.9278,0.9904,0.2318,0.5065,0.2617,0.2904,0.3794,0.1212,0.2091
2222,0.7189,0.8101,0.0199,0.7250,0.2551,0.1487,0.0523,0.1004,0.6987
2223,0.9470,0.0045,0.1782,0.5854,0.2364,0.2365,0.4313,0.1040,0.2282
2224,0.9514,0.9670,0.3617,0.3367,0.3015,0.2357,0.4546,0.0988,0.2109
2225,0.9940,0.9941,0.0197,0.7273,0.2530,0.1394,0.0465,0.0893,0.7248
2226,0.7861,0.0040,0.2125,0.5596,0.2279,0.1790,0.0633,0.1155,0.6423
2227,0.9492,0.9445,0.0499,0.4600,0.4901,0.2530,0.4544,0.0929,0.1997
2228,0.5280,0.0046,0.1393,0.5534,0.3073,0.3457,0.1601,0.1538,0.3403
2229,0.9816,0.9944,0.0197,0.7260,0.2544,0.1390,0.0463,0.0888,0.7259
2230,0.9923,0.3479,0.0418,0.7120,0.2462,0.2375,0.4525,0.0971,0.2129
2231,0.9932,0.9910,0.2951,0.4000,0.3050,0.3024,0.3899,0.0959,0.2119
2232,0.2916,0.9935,0.0199,0.4378,0.5423,0.4928,0.0470,0.0753,0.3849
2233,0.9859,0.0040,0.6097,0.2013,0.1891,0.1804,0.0488,0.1023,0.6684
2234,0.8388,0.9082,0.1740,0.4230,0.4031,0.5347,0.0484,0.0818,0.3350
2235,0.9968,0.7698,0.6025,0.2395,0.1579,0.1761,0.2025,0.1032,0.5182
2236,0.9952,0.9841,0.1431,0.5941,0.2628,0.1393,0.0464,0.0901,0.7242
2237,0.9115,0.8829,0.3306,0.3943,0.2751,0.2492,0.2719,0.1128,0.3661
2238,0.9078,0.9479,0.0896,0.6651,0.2453,0.2357,0.4708,0.0944,0.1991
2239,0.5188,0.9790,0.2171,0.5637,0.2192,0.1440,0.0480,0.0938,0.7141
2240,0.1687,0.1808,0.0197,0.7269,0.2533,0.1465,0.0488,0.0987,0.7059
2241,0.9925,0.9914,0.1296,0.6000,0.2704,0.2851,0.3978,0.1024,0.2147
2243,0.8293,0.9943,0.5571,0.2639,0.1790,0.2359,0.3991,0.1101,0.2549
2244,0.1824,0.9921,0.4291,0.3549,0.2160,0.2369,0.4133,0.1077,0.2421
2245,0.9546,0.0045,0.2693,0.5175,0.2132,0.1389,0.0463,0.0892,0.7257
2246,0.9897,0.8682,0.0199,0.7312,0.2489,0.2281,0.3436,0.1211,0.3072
2247,0.9861,0.9942,0.0197,0.7312,0.2491,0.1389,0.0463,0.0887,0.7261
2248,0.8670,0.9858,0.2140,0.5217,0.2643,0.2391,0.4070,0.1095,0.2444
2249,0.9359,0.9892,0.3081,0.4290,0.2629,0.2383,0.4101,0.1160,0.2356
2250,0.9818,0.9933,0.0197,0.7264,0.2539,0.1398,0.0466,0.0904,0.7232
2251,0.8970,0.0240,0.0946,0.1990,0.7064,0.1489,0.0496,0.1065,0.6950
2252,0.9303,0.4387,0.2340,0.2628,0.5032,0.3668,0.0637,0.1292,0.4402
2253,0.1879,0.9585,0.5102,0.3011,0.1886,0.1712,0.1825,0.1027,0.5435
2254,0.0715,0.6255,0.0197,0.7255,0.2548,0.1410,0.0470,0.0914,0.7205
2255,0.9263,0.9927,0.0197,0.7272,0.2531,0.1403,0.0468,0.0917,0.7213
2256,0.9836,0.9891,0.3676,0.1842,0.4482,0.5596,0.1684,0.0659,0.2060
2257,0.7584,0.9906,0.1417,0.6255,0.2328,0.1758,0.1879,0.1033,0.5330
2258,0.9409,0.0478,0.2283,0.5510,0.2207,0.2648,0.2648,0.1198,0.3506
2259,0.9888,0.9913,0.2631,0.3573,0.3796,0.4943,0.1926,0.1000,0.2131
2260,0.1394,0.9938,0.0197,0.7289,0.2514,0.1403,0.0468,0.0905,0.7224
2261,0.9584,0.9907,0.0582,0.6558,0.2860,0.3637,0.2860,0.1189,0.2314
2262,0.8465,0.8622,0.0197,0.7209,0.2594,0.1888,0.2170,0.1114,0.4828
2263,0.9746,0.9938,0.0197,0.7321,0.2482,0.1609,0.1485,0.1016,0.5889
2264,0.8753,0.9892,0.4579,0.3561,0.1860,0.2341,0.3930,0.1110,0.2619
2265,0.4914,0.9340,0.0282,0.7018,0.2700,0.2213,0.3518,0.1095,0.3174
2266,0.8164,0.5818,0.0658,0.6753,0.2588,0.1886,0.1136,0.1054,0.5924
2267,0.9360,0.9911,0.0198,0.0737,0.9066,0.6876,0.0534,0.0628,0.1962
2268,0.4531,0.9454,0.5457,0.2396,0.2147,0.1799,0.2094,0.1061,0.5046
2269,0.9697,0.9903,0.2275,0.4859,0.2866,0.2361,0.4734,0.0917,0.1988
2270,0.9983,0.0040,0.3227,0.4744,0.2029,0.2378,0.4256,0.1074,0.2292
2271,0.9904,0.9723,0.0198,0.7162,0.2641,0.1495,0.0949,0.1024,0.6532
2272,0.2586,0.9808,0.0197,0.7267,0.2535,0.1478,0.0597,0.0977,0.6948
2273,0.9760,0.9918,0.0531,0.4532,0.4938,0.6752,0.0427,0.0684,0.2137
2274,0.2918,0.9940,0.0196,0.7282,0.2522,0.1394,0.0465,0.0899,0.7242
2275,0.8834,0.9927,0.0197,0.2425,0.7377,0.6868,0.0412,0.0659,0.2061
2276,0.9972,0.9945,0.0197,0.7285,0.2518,0.1401,0.0467,0.0907,0.7224
2277,0.9506,0.9527,0.0199,0.7255,0.2547,0.1410,0.0470,0.0919,0.7201
2278,0.6407,0.0075,0.0406,0.6866,0.2728,0.2924,0.0492,0.0917,0.5667
2279,0.9658,0.9722,0.1177,0.1398,0.7425,0.2985,0.0477,0.1460,0.5078
2280,0.9103,0.0049,0.2653,0.5160,0.2187,0.1391,0.0464,0.0897,0.7248
2281,0.9965,0.0045,0.0198,0.7318,0.2484,0.1398,0.0466,0.0903,0.7234
2282,0.9881,0.9932,0.0197,0.7328,0.2475,0.1399,0.0466,0.0906,0.7229
2283,0.9540,0.9892,0.0199,0.0487,0.9313,0.6816,0.0419,0.0670,0.2095
2284,0.9808,0.8113,0.0469,0.6604,0.2927,0.2847,0.3967,0.1072,0.2114
2285,0.9842,0.9898,0.2149,0.5523,0.2328,0.2407,0.4688,0.0914,0.1991
2286,0.7630,0.7618,0.0197,0.7125,0.2678,0.2080,0.3039,0.1102,0.3779
2287,0.9615,0.3534,0.0197,0.6889,0.2914,0.1492,0.0865,0.1004,0.6639
2288,0.9944,0.9928,0.1159,0.3495,0.5346,0.3489,0.1146,0.1080,0.4285
2289,0.6861,0.9827,0.1999,0.4876,0.3125,0.3347,0.3114,0.1278,0.2261
2290,0.8246,0.0068,0.0781,0.1113,0.8106,0.7136,0.0377,0.0603,0.1884
2291,0.9514,0.9908,0.0964,0.3035,0.6002,0.4265,0.2961,0.0736,0.2038
2292,0.9806,0.9941,0.0198,0.7314,0.2487,0.1441,0.0480,0.0944,0.7134
2293,0.2447,0.2425,0.0198,0.3117,0.6685,0.7094,0.0382,0.0612,0.1912
2294,0.9842,0.0040,0.4216,0.3513,0.2270,0.2356,0.4488,0.1120,0.2036
2295,0.5592,0.9938,0.1615,0.3284,0.5101,0.5074,0.0592,0.0958,0.3376
2296,0.9816,0.9915,0.1173,0.1997,0.6830,0.3500,0.3707,0.0789,0.2004
2297,0.9968,0.9933,0.0197,0.7300,0.2502,0.1387,0.0462,0.0883,0.7267
2298,0.4043,0.9944,0.0197,0.7275,0.2528,0.1409,0.0470,0.0908,0.7213
2299,0.9391,0.9919,0.0536,0.5285,0.4178,0.3966,0.3327,0.0711,0.1996
2300,0.9493,0.9807,0.0199,0.6925,0.2876,0.1454,0.0485,0.0974,0.7088
2301,0.2574,0.9765,0.0198,0.7227,0.2575,0.1460,0.0487,0.0955,0.7099
2302,0.9815,0.9082,0.0197,0.6866,0.2937,0.1443,0.0481,0.0991,0.7086
2303,0.9891,0.9945,0.0196,0.7297,0.2507,0.1383,0.0461,0.0878,0.7279
2304,0.9239,0.9908,0.1300,0.4605,0.4095,0.6682,0.0437,0.0699,0.2183
2305,0.9894,0.0045,0.3787,0.3927,0.2286,0.2243,0.3491,0.1127,0.3139
2307,0.9991,0.0045,0.0238,0.7279,0.2483,0.1411,0.0470,0.0906,0.7212
2308,0.9835,0.0045,0.0197,0.7331,0.2472,0.1391,0.0464,0.0890,0.7255
2309,0.9835,0.9928,0.1703,0.6026,0.2271,0.1396,0.0465,0.0900,0.7239
2310,0.9840,0.8615,0.0196,0.6812,0.2992,0.1403,0.0468,0.0920,0.7210
2311,0.9458,0.0039,0.4869,0.2435,0.2696,0.2474,0.4446,0.1054,0.2026
2312,0.1528,0.9167,0.3837,0.4113,0.2050,0.1479,0.0590,0.0971,0.6960
2313,0.9773,0.9950,0.0531,0.7025,0.2444,0.1450,0.0483,0.0953,0.7113
2314,0.7354,0.9906,0.1010,0.6580,0.2410,0.2485,0.4390,0.1029,0.2096
2315,0.1048,0.9273,0.1917,0.5795,0.2288,0.1479,0.0618,0.0986,0.6917
2316,0.9768,0.9946,0.4400,0.3733,0.1867,0.1752,0.1970,0.1033,0.5246
2317,0.9743,0.9919,0.1383,0.6290,0.2328,0.1573,0.1389,0.1012,0.6026
2318,0.9951,0.9944,0.1517,0.6168,0.2316,0.1919,0.2556,0.1041,0.4484
2319,0.9480,0.9933,0.0196,0.7304,0.2500,0.1461,0.0487,0.0969,0.7083
2320,0.0440,0.9931,0.0567,0.2690,0.6743,0.7164,0.0373,0.0597,0.1866
2321,0.8137,0.9936,0.0200,0.7298,0.2502,0.1636,0.1547,0.1030,0.5788
2322,0.9660,0.9931,0.6585,0.0504,0.2912,0.5626,0.1208,0.0885,0.2281
2323,0.9885,0.9932,0.1699,0.5946,0.2356,0.1436,0.0479,0.0933,0.7153
2324,0.9936,0.9948,0.0196,0.7306,0.2497,0.1383,0.0461,0.0881,0.7276
2325,0.9223,0.5971,0.0354,0.7056,0.2590,0.1481,0.0544,0.0987,0.6988
2326,0.9924,0.9898,0.0290,0.7181,0.2529,0.2378,0.4195,0.1060,0.2367
2327,0.9903,0.9313,0.0198,0.7200,0.2602,0.2011,0.2800,0.1078,0.4111
2328,0.9956,0.9896,0.3247,0.4692,0.2061,0.1412,0.0471,0.0909,0.7209
2329,0.5586,0.0779,0.0200,0.3039,0.6762,0.1428,0.0476,0.1024,0.7072
2330,0.9972,0.9950,0.1189,0.6477,0.2334,0.1475,0.0604,0.0959,0.6962
2331,0.9390,0.9948,0.0196,0.7319,0.2485,0.1383,0.0461,0.0879,0.7276
2332,0.9363,0.9916,0.4369,0.3766,0.1865,0.1730,0.1920,0.1027,0.5323
2333,0.4685,0.9906,0.1185,0.6458,0.2357,0.1427,0.0476,0.0932,0.7166
2334,0.9443,0.9742,0.3635,0.4250,0.2115,0.2498,0.4467,0.0991,0.2044
2335,0.8551,0.9625,0.0199,0.7292,0.2509,0.1484,0.0675,0.0981,0.6860
2336,0.9964,0.9935,0.0197,0.7270,0.2533,0.1410,0.0470,0.0907,0.7213
2337,0.9660,0.0137,0.0557,0.2205,0.7238,0.1417,0.0472,0.0973,0.7138
2338,0.9845,0.9931,0.0197,0.7320,0.2483,0.1479,0.0580,0.1008,0.6933
2339,0.2317,0.9060,0.5885,0.2461,0.1654,0.2246,0.3553,0.1095,0.3106
2340,0.9943,0.9946,0.0267,0.7256,0.2477,0.1446,0.0482,0.0938,0.7134
2341,0.9930,0.9941,0.0197,0.7310,0.2493,0.1474,0.0492,0.0983,0.7051
2342,0.9951,0.9866,0.1102,0.6484,0.2415,0.1687,0.1758,0.1023,0.5532
2343,0.9922,0.9928,0.5864,0.2462,0.1674,0.1485,0.0677,0.1008,0.6830
2344,0.8429,0.9676,0.2549,0.5022,0.2429,0.2449,0.4559,0.0957,0.2035
2345,0.9905,0.3934,0.0199,0.7080,0.2721,0.2374,0.4209,0.1075,0.2343
2346,0.9985,0.0068,0.5332,0.2992,0.1677,0.2536,0.3846,0.1278,0.2341
2347,0.9157,0.9899,0.1027,0.6325,0.2648,0.1428,0.0476,0.0993,0.7103
2348,0.7809,0.9906,0.4003,0.3763,0.2233,0.2826,0.3551,0.1393,0.2230
2349,0.1779,0.9921,0.0198,0.7276,0.2526,0.1499,0.1061,0.1013,0.6427
2350,0.9294,0.9917,0.1224,0.6402,0.2374,0.1432,0.0477,0.0944,0.7147
2351,0.9714,0.0039,0.0975,0.3220,0.5805,0.3543,0.1599,0.1744,0.3115
2352,0.7604,0.9940,0.1906,0.5830,0.2264,0.1665,0.1531,0.1031,0.5772
2353,0.8954,0.9941,0.0206,0.7296,0.2498,0.1395,0.0465,0.0891,0.7249
2354,0.9910,0.9888,0.4748,0.3007,0.2245,0.1736,0.0813,0.1072,0.6379
2355,0.9844,0.9894,0.5170,0.2553,0.2277,0.2365,0.4313,0.1053,0.2270
2356,0.9551,0.9934,0.5851,0.2415,0.1733,0.1599,0.1495,0.1008,0.5898
2357,0.9835,0.8641,0.0197,0.6619,0.3185,0.1422,0.0474,0.0963,0.7141
2358,0.9772,0.9905,0.3757,0.3485,0.2758,0.2777,0.4331,0.0886,0.2007
2359,0.9853,0.9376,0.0197,0.6903,0.2901,0.1405,0.0468,0.0912,0.7214
2360,0.9695,0.7186,0.0198,0.7163,0.2639,0.2030,0.2578,0.1195,0.4197
2361,0.0347,0.7345,0.0199,0.7205,0.2596,0.1508,0.0764,0.1046,0.6682
2362,0.6117,0.9895,0.1290,0.5949,0.2761,0.2662,0.4413,0.0924,0.2001
2363,0.9855,0.9908,0.2445,0.4870,0.2685,0.4101,0.2410,0.1128,0.2362
2364,0.8735,0.9945,0.0196,0.7319,0.2484,0.1386,0.0462,0.0888,0.7264
2365,0.9887,0.9920,0.0404,0.7140,0.2456,0.2090,0.2831,0.1112,0.3966
2366,0.9978,0.9941,0.5810,0.2460,0.1730,0.2358,0.4350,0.1020,0.2272
2367,0.9956,0.0040,0.4118,0.4022,0.1860,0.2325,0.3673,0.1306,0.2696
2368,0.9849,0.9950,0.0196,0.7323,0.2481,0.1385,0.0462,0.0882,0.7272
2369,0.9531,0.9942,0.1705,0.6033,0.2262,0.2783,0.4125,0.0991,0.2101
2370,0.9279,0.9945,0.0197,0.7324,0.2479,0.1402,0.0467,0.0904,0.7227
2371,0.9201,0.9941,0.0197,0.7279,0.2524,0.1411,0.0470,0.0921,0.7197
2372,0.7490,0.9920,0.3812,0.1077,0.5111,0.6944,0.0402,0.0643,0.2010
2373,0.9537,0.9927,0.0198,0.0198,0.9604,0.7059,0.0387,0.0619,0.1935
2374,0.8951,0.9938,0.5192,0.2950,0.1858,0.2357,0.4537,0.0983,0.2123
2375,0.0324,0.9808,0.3228,0.4669,0.2102,0.1477,0.0542,0.0976,0.7005
2376,0.3061,0.9868,0.1526,0.6130,0.2344,0.1480,0.0649,0.0975,0.6897
2377,0.9975,0.9903,0.0498,0.7041,0.2461,0.1479,0.0697,0.0968,0.6856
2378,0.9746,0.9848,0.1506,0.6073,0.2421,0.1517,0.0492,0.1073,0.6917
2379,0.8364,0.9711,0.0262,0.2273,0.7465,0.5595,0.0486,0.0893,0.3027
2380,0.9838,0.9934,0.0197,0.7286,0.2517,0.1402,0.0467,0.0908,0.7223
2381,0.9653,0.2255,0.0614,0.3807,0.5579,0.4080,0.0485,0.1899,0.3537
2382,0.9755,0.9915,0.0747,0.4775,0.4479,0.3443,0.3704,0.0853,0.2000
2383,0.7959,0.4285,0.1346,0.6189,0.2465,0.1569,0.1098,0.1048,0.6285
2384,0.9493,0.9946,0.5793,0.2457,0.1750,0.1756,0.1986,0.1039,0.5220
2385,0.9649,0.9926,0.4614,0.2666,0.2720,0.2364,0.4416,0.1031,0.2188
2386,0.9964,0.0045,0.0197,0.7331,0.2473,0.1385,0.0462,0.0890,0.7264
2387,0.3129,0.0657,0.0198,0.6965,0.2837,0.3198,0.0490,0.0895,0.5417
2388,0.1220,0.9939,0.0198,0.7279,0.2522,0.1418,0.0473,0.0916,0.7194
2389,0.9376,0.9918,0.1248,0.6099,0.2653,0.2381,0.4715,0.0915,0.1989
2390,0.9563,0.5499,0.0197,0.6965,0.2838,0.2358,0.4274,0.1052,0.2316
2391,0.9922,0.9947,0.0592,0.6951,0.2457,0.1705,0.1809,0.1025,0.5461
2392,0.9201,0.9943,0.5682,0.2531,0.1787,0.2371,0.4114,0.1084,0.2431
2393,0.9936,0.9950,0.0197,0.7312,0.2491,0.1394,0.0465,0.0893,0.7248
2394,0.9962,0.9932,0.0807,0.6693,0.2501,0.2405,0.4049,0.1117,0.2428
2395,0.7112,0.3836,0.1171,0.4185,0.4644,0.6808,0.0420,0.0672,0.2100
2396,0.9976,0.9912,0.3277,0.4667,0.2056,0.2394,0.4606,0.0967,0.2033
2397,0.3791,0.9796,0.0197,0.7276,0.2527,0.1471,0.0512,0.0962,0.7055
2398,0.9625,0.9933,0.3099,0.2227,0.4673,0.2736,0.4202,0.0994,0.2068
2399,0.8965,0.9821,0.2954,0.3088,0.3958,0.5505,0.0481,0.1611,0.2404
2400,0.8670,0.9941,0.0414,0.7129,0.2457,0.1424,0.0475,0.0925,0.7177
2401,0.6472,0.8572,0.0200,0.7248,0.2552,0.1496,0.0930,0.1056,0.6519
2402,0.9987,0.0040,0.3659,0.4433,0.1908,0.2364,0.4151,0.1197,0.2288
2403,0.9965,0.9921,0.5494,0.2715,0.1791,0.1889,0.2450,0.1046,0.4615
2404,0.9639,0.9950,0.0196,0.7301,0.2502,0.1386,0.0462,0.0882,0.7270
2405,0.2866,0.9431,0.1292,0.6356,0.2352,0.1485,0.0729,0.0991,0.6796
2406,0.9846,0.0040,0.4613,0.2738,0.2648,0.2109,0.0499,0.1048,0.6344
2407,0.9901,0.9930,0.1398,0.1192,0.7410,0.6489,0.0867,0.0641,0.2003
2408,0.9756,0.0039,0.0778,0.3054,0.6168,0.3985,0.0663,0.1614,0.3739
2409,0.8507,0.9944,0.0196,0.7309,0.2495,0.1390,0.0463,0.0889,0.7259
2410,0.8897,0.9907,0.0696,0.5148,0.4156,0.5804,0.1557,0.0640,0.1999
2411,0.2971,0.3628,0.0530,0.6635,0.2835,0.1535,0.0528,0.1000,0.6938
2412,0.9395,0.9824,0.0198,0.7205,0.2597,0.1794,0.1975,0.1065,0.5165
2413,0.9604,0.0058,0.3630,0.2073,0.4297,0.2188,0.0485,0.1037,0.6291
2414,0.9102,0.9913,0.0285,0.1889,0.7826,0.3708,0.3466,0.0800,0.2027
2415,0.9395,0.9862,0.1102,0.6143,0.2756,0.2477,0.4577,0.0949,0.1997
2416,0.0155,0.0195,0.0194,0.0194,0.9613,0.7187,0.0370,0.0592,0.1851
2417,0.9385,0.9942,0.0197,0.7306,0.2497,0.1398,0.0466,0.0908,0.7228
2418,0.6534,0.9683,0.0197,0.7274,0.2529,0.1482,0.0500,0.0995,0.7023
2419,0.3560,0.9936,0.1374,0.6232,0.2394,0.1475,0.0554,0.0968,0.7004
2420,0.9798,0.9871,0.1114,0.5543,0.3343,0.4465,0.1646,0.1287,0.2602
2421,0.2314,0.8092,0.0197,0.7238,0.2565,0.1496,0.0914,0.1042,0.6547
2422,0.9868,0.9938,0.0197,0.7265,0.2538,0.1385,0.0462,0.0883,0.7271
2423,0.9659,0.9932,0.5011,0.1066,0.3923,0.7042,0.0389,0.0623,0.1946
2424,0.9067,0.9946,0.4504,0.3642,0.1854,0.2243,0.3533,0.1090,0.3135
2425,0.7221,0.9395,0.0283,0.0376,0.9341,0.6956,0.0401,0.0641,0.2003
2426,0.8065,0.9923,0.1986,0.2304,0.5709,0.6822,0.0418,0.0669,0.2091
2427,0.9144,0.0074,0.0197,0.7249,0.2553,0.1414,0.0471,0.0938,0.7176
2429,0.9931,0.6443,0.3436,0.4524,0.2040,0.2370,0.4623,0.0993,0.2015
2430,0.8633,0.9925,0.2260,0.0477,0.7262,0.6905,0.0407,0.0652,0.2036
2431,0.9807,0.9934,0.5339,0.2964,0.1696,0.2229,0.3472,0.1116,0.3183
2432,0.4740,0.9939,0.2850,0.4963,0.2187,0.1491,0.0949,0.0984,0.6576
2433,0.8688,0.9942,0.0197,0.7312,0.2491,0.1389,0.0463,0.0887,0.7260
2434,0.9893,0.9638,0.0198,0.7296,0.2506,0.1418,0.0473,0.0913,0.7196
2435,0.1405,0.8875,0.2672,0.4949,0.2378,0.1869,0.2001,0.1043,0.5087
2436,0.9649,0.0056,0.0197,0.7325,0.2478,0.1390,0.0463,0.0893,0.7254
2437,0.4231,0.7483,0.0199,0.7213,0.2588,0.1494,0.0829,0.1032,0.6646
2438,0.6307,0.0044,0.5072,0.1546,0.3382,0.3901,0.1389,0.1438,0.3272
2439,0.9912,0.9949,0.0198,0.7298,0.2504,0.1411,0.0470,0.0904,0.7215
2440,0.9804,0.9872,0.0197,0.7017,0.2786,0.1396,0.0465,0.0903,0.7235
2441,0.5591,0.9686,0.0690,0.6638,0.2672,0.3883,0.2893,0.1002,0.2222
2442,0.9935,0.9942,0.0197,0.7248,0.2555,0.1392,0.0464,0.0890,0.7253
2443,0.9451,0.9895,0.1927,0.5541,0.2532,0.3148,0.0940,0.1072,0.4841
2444,0.8670,0.0164,0.0198,0.6170,0.3632,0.1772,0.0497,0.1062,0.6670
2445,0.9522,0.9193,0.0197,0.6432,0.3372,0.1401,0.0467,0.0930,0.7202
2446,0.0280,0.7575,0.0204,0.7267,0.2528,0.1418,0.0473,0.0920,0.7189
2447,0.7353,0.0043,0.2719,0.3505,0.3776,0.1991,0.0486,0.1058,0.6465
2448,0.9925,0.9923,0.4915,0.1586,0.3500,0.4611,0.2629,0.0743,0.2018
2449,0.9733,0.9140,0.0398,0.2779,0.6823,0.4598,0.2574,0.0708,0.2121
2450,0.9725,0.9874,0.1304,0.6068,0.2628,0.2370,0.4319,0.1045,0.2266
2451,0.9646,0.9898,0.0458,0.6603,0.2939,0.2759,0.4285,0.0915,0.2040
2452,0.9875,0.6538,0.0196,0.7030,0.2774,0.1488,0.0859,0.0994,0.6660
2453,0.8735,0.9683,0.0199,0.4591,0.5210,0.5896,0.0451,0.1400,0.2253
2454,0.9193,0.8998,0.1140,0.5624,0.3236,0.4099,0.2899,0.0921,0.2081
2455,0.3091,0.9878,0.0399,0.7107,0.2495,0.1444,0.0481,0.0939,0.7136
2456,0.8416,0.9920,0.5198,0.3019,0.1783,0.1996,0.2833,0.1051,0.4120
2457,0.9772,0.9940,0.0197,0.7283,0.2521,0.1397,0.0466,0.0901,0.7236
2458,0.8955,0.9851,0.4767,0.2646,0.2587,0.2398,0.4222,0.1104,0.2275
2459,0.9745,0.0041,0.3846,0.3906,0.2248,0.2685,0.4106,0.1054,0.2155
2460,0.9729,0.0045,0.4744,0.2884,0.2372,0.2219,0.3425,0.1117,0.3239
2461,0.9320,0.9944,0.0198,0.7320,0.2482,0.1404,0.0468,0.0906,0.7223
2462,0.7040,0.9948,0.2277,0.5533,0.2190,0.1417,0.0472,0.0922,0.7189
2463,0.9540,0.0042,0.2960,0.4735,0.2306,0.2206,0.1562,0.1209,0.5023
2464,0.9922,0.0124,0.4063,0.3919,0.2017,0.2394,0.4426,0.1034,0.2145
2465,0.9786,0.9920,0.6005,0.1518,0.2477,0.3190,0.0483,0.2013,0.4314
2466,0.1873,0.9918,0.0215,0.2566,0.7219,0.6628,0.0444,0.0710,0.2218
2467,0.9632,0.9313,0.1252,0.2708,0.6040,0.3907,0.3134,0.0828,0.2130
2468,0.9930,0.9943,0.0197,0.7318,0.2485,0.1384,0.0461,0.0882,0.7272
2469,0.9732,0.9898,0.1661,0.4682,0.3657,0.6573,0.0769,0.0644,0.2014
2470,0.9967,0.9947,0.0197,0.7303,0.2500,0.1390,0.0463,0.0887,0.7259
2471,0.3794,0.9315,0.0399,0.6008,0.3593,0.5711,0.0462,0.1519,0.2308
2472,0.9960,0.9948,0.0196,0.7328,0.2475,0.1410,0.0470,0.0908,0.7212
2473,0.9233,0.9800,0.0215,0.6889,0.2897,0.3572,0.0490,0.1008,0.4931
2474,0.8174,0.9631,0.3641,0.3889,0.2470,0.2406,0.3891,0.1151,0.2552
2475,0.9446,0.9944,0.0285,0.7215,0.2499,0.1482,0.0710,0.0981,0.6827
2476,0.9863,0.9197,0.0414,0.6762,0.2824,0.1937,0.2294,0.1129,0.4640
2477,0.9941,0.9926,0.1733,0.2894,0.5373,0.3768,0.2066,0.1141,0.3026
2478,0.9876,0.9943,0.3090,0.4857,0.2053,0.1438,0.0479,0.0926,0.7157
2479,0.0854,0.9661,0.2881,0.4974,0.2144,0.1484,0.0601,0.1001,0.6915
2480,0.9973,0.9937,0.1977,0.5619,0.2403,0.2590,0.3977,0.1076,0.2357
2481,0.9842,0.9152,0.0574,0.6943,0.2483,0.2355,0.4710,0.0931,0.2004
2482,0.9844,0.0042,0.3560,0.4386,0.2053,0.1438,0.0479,0.0965,0.7117
2483,0.9853,0.9947,0.4309,0.3844,0.1847,0.2348,0.4490,0.0982,0.2179
2484,0.9191,0.9950,0.0569,0.6995,0.2435,0.1399,0.0466,0.0898,0.7237
2485,0.9563,0.0056,0.2494,0.5334,0.2172,0.2367,0.4685,0.0944,0.2005
2486,0.9976,0.0045,0.0196,0.7333,0.2471,0.1392,0.0464,0.0897,0.7248
2487,0.8288,0.0181,0.1147,0.6477,0.2376,0.1493,0.0778,0.0996,0.6733
2488,0.9825,0.9947,0.0196,0.7298,0.2506,0.1388,0.0463,0.0887,0.7262
2489,0.4444,0.9931,0.1006,0.6577,0.2417,0.1478,0.0646,0.0973,0.6903
2490,0.9927,0.9948,0.3952,0.4076,0.1972,0.2293,0.3773,0.1084,0.2850
2491,0.9375,0.9899,0.1302,0.6273,0.2425,0.2389,0.4281,0.1282,0.2048
2492,0.9349,0.9915,0.0633,0.6443,0.2924,0.2372,0.4718,0.0920,0.1989
2493,0.9840,0.9893,0.5993,0.2044,0.1963,0.4506,0.1057,0.1040,0.3396
2494,0.9150,0.9593,0.0198,0.6744,0.3058,0.2274,0.0538,0.1017,0.6170
2495,0.9746,0.9816,0.6031,0.2377,0.1592,0.1558,0.1331,0.1006,0.6105
2496,0.9986,0.0045,0.0199,0.7203,0.2599,0.1481,0.0638,0.0989,0.6892
2497,0.9597,0.9906,0.0821,0.6199,0.2980,0.3838,0.3018,0.0931,0.2213
2498,0.9951,0.9947,0.0196,0.7307,0.2496,0.1383,0.0461,0.0879,0.7277
2499,0.4577,0.0047,0.5819,0.2435,0.1746,0.1454,0.0485,0.0950,0.7112
2500,0.9682,0.9936,0.5221,0.2962,0.1818,0.1397,0.0466,0.0898,0.7240
2501,0.6863,0.9935,0.0197,0.7289,0.2515,0.1392,0.0464,0.0894,0.7251
2502,0.0529,0.8590,0.0196,0.7292,0.2511,0.1400,0.0467,0.0913,0.7220
2503,0.1929,0.7617,0.0488,0.0198,0.9314,0.6433,0.0428,0.1000,0.2138
2504,0.9585,0.9943,0.0198,0.7268,0.2534,0.1415,0.0472,0.0911,0.7202
2505,0.9988,0.9945,0.0209,0.7305,0.2485,0.1453,0.0484,0.0940,0.7122
2506,0.9978,0.0045,0.0200,0.7316,0.2485,0.1393,0.0464,0.0898,0.7244
2507,0.9761,0.9840,0.0473,0.1103,0.8424,0.6126,0.0435,0.1261,0.2177
2508,0.7338,0.6397,0.0198,0.0928,0.8874,0.6920,0.0405,0.0648,0.2026
2509,0.5426,0.8597,0.0200,0.7280,0.2520,0.1572,0.1353,0.1055,0.6019
2510,0.9878,0.9912,0.0885,0.5933,0.3182,0.4652,0.1308,0.1043,0.2997
2511,0.0984,0.9437,0.0200,0.7267,0.2533,0.1413,0.0471,0.0911,0.7205
2512,0.9768,0.9893,0.0858,0.6732,0.2410,0.1886,0.2396,0.1047,0.4671
2513,0.9886,0.9934,0.0197,0.7318,0.2485,0.1413,0.0471,0.0930,0.7185
2514,0.4371,0.9932,0.0198,0.4680,0.5123,0.6842,0.0416,0.0665,0.2078
2515,0.9905,0.0769,0.0200,0.7300,0.2500,0.2399,0.4578,0.0954,0.2069
2516,0.8237,0.9774,0.0199,0.1371,0.8429,0.6961,0.0400,0.0640,0.1999
2517,0.9984,0.9951,0.0198,0.7323,0.2479,0.1403,0.0468,0.0899,0.7231
2518,0.9932,0.9915,0.2803,0.4858,0.2339,0.2424,0.4597,0.0975,0.2004
2519,0.9924,0.9934,0.2706,0.2937,0.4356,0.4759,0.1369,0.1009,0.2864
2520,0.0523,0.9790,0.1945,0.5729,0.2326,0.2071,0.2737,0.1076,0.4117
2521,0.8245,0.8930,0.0199,0.5989,0.3813,0.1601,0.0598,0.1032,0.6769
2522,0.9461,0.0045,0.4918,0.3106,0.1976,0.1468,0.0489,0.0968,0.7075
2523,0.9612,0.7672,0.0198,0.5373,0.4429,0.1411,0.0470,0.0944,0.7175
2524,0.9878,0.9913,0.0244,0.7262,0.2494,0.2262,0.3572,0.1170,0.2996
2525,0.9649,0.9910,0.5729,0.2569,0.1702,0.2038,0.2924,0.1061,0.3977
2526,0.9635,0.9937,0.0198,0.7312,0.2489,0.1398,0.0466,0.0892,0.7245
2527,0.4817,0.9922,0.1681,0.3102,0.5218,0.6383,0.0469,0.0804,0.2344
2528,0.9910,0.9919,0.3458,0.4137,0.2406,0.2519,0.4549,0.0922,0.2010
2529,0.3859,0.9942,0.2084,0.3934,0.3982,0.5529,0.0552,0.0792,0.3128
2530,0.9633,0.9842,0.2118,0.5676,0.2207,0.2351,0.4477,0.0988,0.2184
2531,0.9968,0.9920,0.4765,0.3290,0.1945,0.2360,0.4722,0.0928,0.1990
2532,0.9876,0.9945,0.0196,0.7283,0.2520,0.1393,0.0464,0.0896,0.7246
2533,0.9964,0.9945,0.0196,0.7313,0.2491,0.1384,0.0461,0.0880,0.7275
2534,0.1208,0.8146,0.0198,0.3748,0.6054,0.6910,0.0407,0.0651,0.2033
2535,0.9683,0.9943,0.5219,0.2996,0.1785,0.2094,0.3056,0.1073,0.3777
2536,0.9301,0.9402,0.0565,0.6994,0.2442,0.1410,0.0470,0.0952,0.7168
2537,0.8901,0.0061,0.0307,0.7151,0.2541,0.1485,0.0697,0.1086,0.6732
2538,0.9697,0.9915,0.2006,0.3516,0.4479,0.4608,0.2765,0.0637,0.1991
2539,0.9559,0.0056,0.5459,0.2322,0.2220,0.2057,0.2821,0.1095,0.4027
2540,0.6477,0.9944,0.0197,0.7284,0.2519,0.1456,0.0485,0.0950,0.7109
2541,0.9926,0.9936,0.0196,0.7300,0.2503,0.1387,0.0462,0.0885,0.7265
2542,0.9908,0.9340,0.4898,0.3268,0.1834,0.1496,0.1051,0.1004,0.6449
2543,0.6743,0.3183,0.0199,0.6130,0.3671,0.1701,0.0627,0.1028,0.6644
2544,0.9994,0.0045,0.0199,0.7316,0.2486,0.1427,0.0476,0.0938,0.7159
2545,0.8790,0.9826,0.2635,0.3361,0.4004,0.5679,0.1302,0.0732,0.2287
2546,0.8536,0.9906,0.5940,0.2180,0.1880,0.2345,0.4635,0.0957,0.2063
2547,0.1096,0.9740,0.0198,0.7272,0.2530,0.1406,0.0469,0.0902,0.7223
2548,0.1633,0.9885,0.0434,0.7032,0.2534,0.2009,0.2769,0.1086,0.4135
2549,0.8098,0.0042,0.5734,0.2071,0.2195,0.2878,0.3483,0.1140,0.2499
2550,0.9232,0.9916,0.0199,0.2393,0.7408,0.6934,0.0397,0.0685,0.1984
2551,0.9792,0.0041,0.1636,0.2925,0.5439,0.3203,0.2559,0.1195,0.3042
2552,0.9408,0.9922,0.0519,0.0447,0.9034,0.7062,0.0387,0.0619,0.1933
2553,0.9594,0.7437,0.0196,0.6669,0.3134,0.1404,0.0468,0.0935,0.7193
2554,0.0966,0.9920,0.0390,0.6931,0.2679,0.2396,0.4163,0.1073,0.2369
2555,0.9763,0.9918,0.0635,0.5264,0.4101,0.4854,0.2497,0.0642,0.2007
2556,0.4824,0.6039,0.0199,0.2972,0.6829,0.5866,0.0478,0.0764,0.2892
2557,0.9915,0.9744,0.1148,0.6382,0.2471,0.2730,0.4197,0.1027,0.2046
2558,0.5015,0.9818,0.3191,0.0300,0.6509,0.4227,0.0497,0.1697,0.3580
2559,0.2659,0.9932,0.0431,0.3857,0.5712,0.3834,0.0475,0.0761,0.4930
2560,0.9727,0.9906,0.1325,0.2729,0.5946,0.3287,0.3736,0.0912,0.2064
2561,0.7010,0.9916,0.0518,0.5932,0.3550,0.4794,0.2184,0.0774,0.2247
2562,0.9603,0.0044,0.2062,0.4080,0.3857,0.3337,0.0639,0.1348,0.4676
2563,0.7398,0.9496,0.0197,0.6461,0.3342,0.1451,0.0484,0.0977,0.7089
2564,0.8624,0.9945,0.0198,0.7319,0.2483,0.1403,0.0468,0.0904,0.7225
2565,0.9708,0.9922,0.0200,0.3961,0.5840,0.5235,0.0477,0.1448,0.2840
2566,0.8457,0.9926,0.1983,0.3391,0.4626,0.6873,0.0411,0.0658,0.2057
2567,0.0800,0.9941,0.0279,0.7203,0.2518,0.1420,0.0473,0.0927,0.7180
2568,0.9911,0.9952,0.0197,0.7274,0.2529,0.1390,0.0463,0.0885,0.7262
2569,0.9813,0.9925,0.0591,0.6064,0.3345,0.2461,0.4627,0.0915,0.1997
2570,0.9959,0.9938,0.5811,0.2418,0.1771,0.1476,0.0596,0.0976,0.6952
2571,0.2695,0.9866,0.0197,0.7240,0.2563,0.1421,0.0474,0.0921,0.7184
2572,0.9662,0.0047,0.0197,0.7320,0.2483,0.1396,0.0465,0.0906,0.7233
2573,0.1207,0.9080,0.1393,0.6214,0.2394,0.2032,0.2723,0.1061,0.4183
2574,0.0292,0.3256,0.0270,0.0198,0.9533,0.7100,0.0382,0.0610,0.1908
2575,0.9894,0.9924,0.4026,0.4056,0.1919,0.1451,0.0484,0.0942,0.7123
2576,0.6030,0.5555,0.0276,0.3393,0.6330,0.1840,0.0794,0.1215,0.6151
2577,0.2364,0.0978,0.0236,0.0198,0.9566,0.7186,0.0370,0.0592,0.1852
2578,0.4345,0.9939,0.5618,0.2639,0.1744,0.2367,0.4003,0.1101,0.2529
2579,0.6926,0.9885,0.0198,0.4739,0.5063,0.6648,0.0441,0.0706,0.2205
2580,0.1799,0.9221,0.4966,0.3161,0.1872,0.1480,0.0569,0.0982,0.6969
2581,0.6861,0.9942,0.0199,0.7287,0.2514,0.1423,0.0474,0.0917,0.7185
2582,0.9008,0.9941,0.0457,0.7086,0.2457,0.1398,0.0466,0.0895,0.7241
2583,0.9744,0.0233,0.0197,0.7326,0.2477,0.1392,0.0464,0.0890,0.7254
2584,0.9552,0.0065,0.1845,0.5774,0.2381,0.2465,0.4253,0.1114,0.2168
2585,0.7337,0.9888,0.2390,0.4954,0.2656,0.2154,0.1442,0.0978,0.5427
2586,0.9990,0.9945,0.0199,0.7325,0.2477,0.1432,0.0477,0.0925,0.7165
2587,0.3839,0.9901,0.0199,0.7272,0.2529,0.1483,0.0743,0.0990,0.6784
2588,0.1551,0.9927,0.1520,0.6098,0.2382,0.1861,0.2316,0.1058,0.4765
2589,0.9716,0.9921,0.2965,0.4079,0.2956,0.2609,0.4494,0.0895,0.2002
2590,0.9731,0.9903,0.4672,0.3377,0.1952,0.2363,0.4320,0.1276,0.2041
2591,0.9933,0.9948,0.0197,0.7315,0.2488,0.1401,0.0467,0.0903,0.7229
2592,0.9063,0.0040,0.3332,0.4185,0.2483,0.2117,0.0494,0.1158,0.6230
2593,0.8172,0.9897,0.4178,0.2404,0.3418,0.3300,0.0501,0.2109,0.4090
2594,0.8766,0.9896,0.7923,0.0264,0.1813,0.2789,0.0483,0.1692,0.5035
2595,0.9842,0.9875,0.0198,0.7236,0.2566,0.1420,0.0473,0.0934,0.7172
2596,0.9754,0.8580,0.0198,0.7194,0.2608,0.1603,0.1270,0.1062,0.6064
2597,0.9753,0.0040,0.0286,0.2859,0.6854,0.4716,0.0533,0.1213,0.3538
2598,0.7780,0.9906,0.0818,0.3521,0.5661,0.2433,0.4671,0.0908,0.1988
2599,0.7308,0.0420,0.0198,0.6092,0.3709,0.2235,0.1079,0.1017,0.5669
2600,0.9904,0.0044,0.1104,0.6375,0.2521,0.2566,0.4226,0.1058,0.2149
2601,0.4424,0.9765,0.3204,0.4694,0.2103,0.1482,0.0579,0.0980,0.6959
2602,0.9668,0.9935,0.2901,0.4996,0.2103,0.1657,0.1660,0.1033,0.5649
2603,0.9612,0.0042,0.5047,0.3212,0.1741,0.2164,0.2546,0.1109,0.4181
2604,0.9604,0.9930,0.0926,0.6259,0.2815,0.2436,0.4660,0.0912,0.1992
2605,0.9904,0.0057,0.0199,0.7301,0.2500,0.2211,0.2686,0.1139,0.3964
2606,0.2720,0.9728,0.0244,0.7146,0.2610,0.2325,0.3837,0.1112,0.2726
2607,0.8943,0.0041,0.0199,0.6348,0.3453,0.2813,0.0484,0.1062,0.5640
2608,0.9926,0.0056,0.0196,0.7326,0.2478,0.1386,0.0462,0.0891,0.7261
2609,0.9228,0.9897,0.5729,0.2567,0.1704,0.1495,0.0933,0.1003,0.6570
2610,0.6529,0.9906,0.1860,0.5162,0.2978,0.3937,0.2707,0.1205,0.2152
2611,0.8390,0.0220,0.0198,0.7171,0.2631,0.1419,0.0473,0.0935,0.7173
2612,0.9979,0.9873,0.0759,0.6820,0.2421,0.1465,0.0488,0.0968,0.7079
2613,0.9866,0.0049,0.0198,0.7314,0.2489,0.1399,0.0466,0.0902,0.7233
2614,0.7321,0.7947,0.0199,0.6853,0.2948,0.6173,0.0639,0.0822,0.2366
2615,0.9687,0.9950,0.0196,0.7310,0.2494,0.1384,0.0461,0.0880,0.7275
2616,0.9735,0.9830,0.0360,0.7161,0.2479,0.1461,0.0487,0.0954,0.7098
2617,0.3109,0.9919,0.0473,0.2570,0.6957,0.6055,0.0470,0.0752,0.2723
2618,0.7022,0.8377,0.0197,0.7222,0.2581,0.1484,0.0626,0.1094,0.6796
2619,0.9587,0.9919,0.1042,0.4584,0.4374,0.5334,0.0487,0.0973,0.3206
2620,0.6034,0.9901,0.0198,0.3794,0.6008,0.6867,0.0412,0.0660,0.2061
2621,0.9447,0.9665,0.0198,0.7210,0.2592,0.1530,0.1179,0.1051,0.6240
2622,0.1407,0.8210,0.0708,0.6832,0.2460,0.1450,0.0483,0.0948,0.7118
2623,0.0220,0.4800,0.0197,0.7300,0.2503,0.1399,0.0466,0.0904,0.7230
2624,0.8291,0.9938,0.5004,0.2500,0.2496,0.2355,0.4547,0.0988,0.2110
2625,0.9627,0.9856,0.0198,0.0368,0.9434,0.7097,0.0382,0.0611,0.1910
2626,0.7042,0.9901,0.5214,0.2907,0.1879,0.1861,0.2227,0.1056,0.4856
2627,0.9557,0.9951,0.0402,0.7131,0.2467,0.1772,0.1944,0.1050,0.5234
2628,0.9760,0.9265,0.0197,0.6211,0.3591,0.1407,0.0469,0.0938,0.7187
2629,0.3870,0.9920,0.0260,0.0463,0.9277,0.6917,0.0406,0.0649,0.2028
2630,0.9954,0.9945,0.0197,0.7288,0.2515,0.1393,0.0464,0.0890,0.7252
2631,0.9914,0.9491,0.0198,0.7293,0.2510,0.1394,0.0465,0.0894,0.7247
2632,0.5096,0.9772,0.1661,0.4187,0.4152,0.5403,0.1865,0.0662,0.2070
2633,0.5045,0.9938,0.4749,0.3384,0.1867,0.2005,0.2821,0.1057,0.4117
2634,0.5633,0.9937,0.3523,0.4434,0.2043,0.1499,0.1077,0.1004,0.6419
2635,0.9123,0.9839,0.0199,0.7293,0.2508,0.1391,0.0464,0.0892,0.7254
2636,0.9833,0.9940,0.1048,0.6553,0.2399,0.1438,0.0479,0.0929,0.7154
2637,0.9912,0.0045,0.2476,0.5240,0.2284,0.2283,0.3624,0.1123,0.2970
2638,0.1962,0.9917,0.2455,0.5240,0.2305,0.2357,0.4251,0.1059,0.2333
2639,0.9803,0.9935,0.5847,0.2503,0.1650,0.1479,0.0674,0.0967,0.6880
2640,0.9961,0.9922,0.1086,0.4553,0.4362,0.3030,0.3544,0.1064,0.2362
2641,0.8223,0.9922,0.1481,0.4891,0.3628,0.2606,0.0483,0.1369,0.5542
2642,0.9876,0.9902,0.1932,0.5624,0.2443,0.2536,0.4552,0.0915,0.1998
2643,0.9502,0.9382,0.0197,0.7190,0.2613,0.1469,0.0490,0.0999,0.7042
2644,0.4308,0.9937,0.0375,0.7084,0.2541,0.2355,0.4347,0.1020,0.2278
2645,0.9924,0.9785,0.0198,0.7201,0.2601,0.2379,0.4172,0.1075,0.2374
2646,0.9356,0.9934,0.5756,0.2504,0.1741,0.1612,0.1527,0.1014,0.5847
2647,0.9612,0.9911,0.0199,0.0674,0.9127,0.6315,0.1121,0.0622,0.1943
2648,0.9896,0.9915,0.2543,0.5189,0.2268,0.2420,0.4593,0.0957,0.2030
2649,0.9944,0.9898,0.0275,0.7237,0.2488,0.2364,0.4521,0.0984,0.2132
2650,0.9574,0.0257,0.1588,0.5751,0.2661,0.2633,0.3964,0.1185,0.2218
2651,0.9634,0.9930,0.1896,0.5786,0.2318,0.2382,0.4021,0.1103,0.2495
2652,0.7295,0.1987,0.0198,0.7063,0.2739,0.1585,0.1138,0.1141,0.6137
2653,0.9861,0.9941,0.0197,0.7323,0.2481,0.1390,0.0463,0.0888,0.7258
2654,0.9964,0.9026,0.4422,0.3162,0.2416,0.2365,0.4311,0.1037,0.2288
2655,0.9834,0.9930,0.0197,0.7302,0.2501,0.1483,0.0560,0.0999,0.6958
2656,0.9957,0.9952,0.0198,0.7304,0.2498,0.1407,0.0469,0.0905,0.7219
2657,0.5717,0.9841,0.1341,0.6296,0.2363,0.1875,0.2327,0.1105,0.4693
2658,0.9350,0.0042,0.3896,0.4103,0.2002,0.1582,0.0937,0.1054,0.6426
2659,0.6630,0.9846,0.1136,0.6217,0.2647,0.2653,0.4088,0.1163,0.2096
2660,0.9492,0.9874,0.0344,0.4323,0.5334,0.3078,0.4052,0.0849,0.2021
2661,0.9754,0.9920,0.0644,0.6249,0.3106,0.2572,0.4546,0.0892,0.1990
2662,0.9112,0.9938,0.0994,0.6630,0.2376,0.1546,0.1221,0.1014,0.6219
2663,0.9702,0.9932,0.5513,0.1946,0.2540,0.2621,0.4444,0.0916,0.2019
2664,0.9308,0.7578,0.0197,0.7257,0.2546,0.1943,0.2382,0.1124,0.4551
2665,0.9189,0.9859,0.0743,0.6181,0.3076,0.2537,0.4494,0.0938,0.2031
2666,0.9673,0.9919,0.2225,0.4476,0.3298,0.3428,0.3594,0.0916,0.2061
2667,0.9885,0.9899,0.1411,0.6047,0.2542,0.2207,0.0899,0.1425,0.5469
2668,0.9448,0.9874,0.3954,0.3787,0.2259,0.1673,0.1633,0.1031,0.5663
2669,0.9892,0.1020,0.0385,0.7141,0.2474,0.2377,0.4324,0.1058,0.2241
2670,0.9910,0.9938,0.0197,0.7319,0.2484,0.1428,0.0476,0.0939,0.7157
2671,0.9858,0.9948,0.1153,0.6497,0.2350,0.1916,0.2162,0.1095,0.4827
2672,0.9461,0.9918,0.0671,0.5808,0.3521,0.2575,0.0484,0.1098,0.5843
2673,0.9546,0.9950,0.0197,0.7325,0.2478,0.1409,0.0470,0.0909,0.7213
2674,0.9662,0.0045,0.5868,0.2203,0.1929,0.2353,0.4469,0.1009,0.2170
2675,0.9444,0.7188,0.1341,0.6161,0.2497,0.2334,0.3773,0.1132,0.2760
2676,0.9695,0.9941,0.0197,0.7273,0.2530,0.1395,0.0465,0.0896,0.7244
2677,0.9864,0.0040,0.4117,0.3185,0.2698,0.1971,0.0789,0.1104,0.6136
2678,0.6342,0.0067,0.0210,0.0294,0.9495,0.7128,0.0378,0.0605,0.1890
2679,0.0847,0.7152,0.0278,0.7208,0.2514,0.1410,0.0470,0.0913,0.7206
2680,0.9442,0.9875,0.1322,0.5773,0.2905,0.4614,0.0501,0.0998,0.3887
2681,0.8978,0.9900,0.1241,0.2276,0.6482,0.7122,0.0379,0.0606,0.1893
2682,0.9722,0.9920,0.0198,0.5492,0.4310,0.3301,0.3808,0.0858,0.2033
2683,0.9305,0.9767,0.1822,0.4518,0.3660,0.4003,0.2308,0.1490,0.2200
2684,0.9550,0.9916,0.1155,0.5714,0.3131,0.2456,0.4649,0.0907,0.1988
2685,0.9966,0.9942,0.0197,0.7287,0.2516,0.1394,0.0465,0.0891,0.7250
2686,0.9836,0.9927,0.0777,0.4659,0.4564,0.4430,0.2801,0.0730,0.2039
2687,0.9359,0.9718,0.2417,0.4695,0.2888,0.3541,0.2881,0.1107,0.2472
2688,0.9808,0.9913,0.0259,0.6542,0.3199,0.3915,0.2136,0.1521,0.2429
2689,0.0454,0.9396,0.0197,0.7306,0.2498,0.1424,0.0475,0.0941,0.7160
2690,0.9962,0.0044,0.5830,0.1611,0.2559,0.2288,0.0615,0.1036,0.6061
2691,0.2076,0.9822,0.0566,0.6836,0.2598,0.2124,0.3207,0.1083,0.3586
2692,0.9736,0.9929,0.0198,0.7122,0.2680,0.1395,0.0465,0.0903,0.7238
2693,0.9973,0.0047,0.0199,0.7280,0.2521,0.1420,0.0473,0.0946,0.7161
2694,0.9412,0.9950,0.4252,0.3819,0.1929,0.1955,0.2653,0.1049,0.4343
2695,0.5658,0.9843,0.0198,0.6444,0.3357,0.6326,0.0483,0.0773,0.2417
2696,0.9897,0.9938,0.0197,0.7263,0.2540,0.1389,0.0463,0.0889,0.7260
2697,0.9296,0.9793,0.0256,0.2327,0.7417,0.6406,0.0420,0.1075,0.2099
2698,0.9414,0.9919,0.1430,0.5243,0.3327,0.2418,0.4684,0.0910,0.1988
2699,0.9628,0.2859,0.1717,0.5122,0.3161,0.2486,0.0488,0.2167,0.4859
2700,0.9612,0.9905,0.0524,0.4808,0.4668,0.2536,0.4543,0.0920,0.2001
2701,0.9926,0.9755,0.0197,0.6924,0.2880,0.1438,0.0479,0.0962,0.7121
2702,0.9360,0.5126,0.0197,0.6705,0.3099,0.1433,0.0478,0.0975,0.7114
2704,0.9988,0.0045,0.0198,0.7326,0.2476,0.1398,0.0466,0.0907,0.7228
2705,0.9981,0.0049,0.5788,0.2645,0.1567,0.2346,0.3815,0.1426,0.2413
2706,0.9027,0.0045,0.0907,0.6683,0.2410,0.1394,0.0465,0.0900,0.7242
2707,0.9942,0.0045,0.0197,0.7333,0.2470,0.1394,0.0465,0.0902,0.7239
2708,0.9898,0.9912,0.2929,0.4833,0.2238,0.2479,0.4528,0.0951,0.2043
2709,0.9898,0.9927,0.0197,0.7129,0.2674,0.1476,0.0508,0.0966,0.7051
2710,0.1251,0.9894,0.2431,0.5279,0.2290,0.2068,0.2988,0.1090,0.3854
2711,0.9539,0.9934,0.5220,0.2844,0.1936,0.2359,0.4314,0.1048,0.2279
2712,0.9047,0.0040,0.5156,0.3160,0.1684,0.2119,0.2642,0.1098,0.4140
2713,0.0784,0.5370,0.0196,0.7293,0.2510,0.1398,0.0466,0.0903,0.7233
2714,0.9736,0.9752,0.0454,0.4337,0.5209,0.3318,0.3826,0.0831,0.2025
2715,0.3258,0.9926,0.0530,0.6997,0.2473,0.1428,0.0476,0.0925,0.7171
2716,0.9963,0.9934,0.2524,0.5295,0.2180,0.1485,0.0807,0.0981,0.6727
2717,0.9794,0.9937,0.0939,0.0539,0.8523,0.6899,0.0408,0.0653,0.2040
2718,0.6102,0.0040,0.0622,0.6039,0.3339,0.2848,0.0496,0.1285,0.5370
2719,0.9654,0.9938,0.0199,0.7294,0.2507,0.1497,0.1018,0.0998,0.6487
2720,0.9905,0.9928,0.3081,0.4855,0.2064,0.1414,0.0471,0.0911,0.7204
2721,0.9326,0.9832,0.3551,0.2851,0.3598,0.1978,0.2329,0.1135,0.4558
2722,0.6303,0.9943,0.0197,0.7296,0.2506,0.1420,0.0473,0.0916,0.7191
2723,0.8890,0.9897,0.4983,0.2234,0.2783,0.2510,0.4576,0.0920,0.1993
2724,0.9622,0.9885,0.0797,0.0578,0.8624,0.6995,0.0395,0.0633,0.1977
2725,0.0498,0.0104,0.0196,0.0196,0.9609,0.7185,0.0370,0.0593,0.1852
2726,0.9888,0.9355,0.5613,0.2346,0.2041,0.1488,0.0727,0.1006,0.6778
2727,0.9695,0.9947,0.0197,0.7309,0.2494,0.1485,0.0775,0.0996,0.6743
2729,0.9550,0.9945,0.0197,0.7318,0.2486,0.1442,0.0481,0.0949,0.7128
2730,0.8340,0.9931,0.0969,0.3553,0.5478,0.6061,0.0478,0.1070,0.2391
2731,0.9976,0.9937,0.2298,0.5282,0.2420,0.1985,0.2736,0.1100,0.4179
2732,0.9580,0.9895,0.1060,0.5052,0.3888,0.5832,0.0646,0.0799,0.2723
2733,0.9694,0.0077,0.2627,0.4003,0.3370,0.2473,0.0827,0.2039,0.4662
2734,0.9918,0.9938,0.2071,0.5682,0.2247,0.1936,0.2587,0.1054,0.4422
2735,0.9938,0.9940,0.0197,0.7299,0.2503,0.1390,0.0463,0.0888,0.7258
2736,0.1190,0.9935,0.1845,0.5847,0.2308,0.1495,0.1019,0.0996,0.6490
2737,0.9860,0.9942,0.5938,0.2328,0.1733,0.2364,0.4205,0.1057,0.2374
2738,0.9723,0.0062,0.0197,0.7289,0.2514,0.1486,0.0563,0.0981,0.6970
2739,0.9949,0.9926,0.1568,0.6143,0.2289,0.2132,0.3261,0.1071,0.3536
2740,0.6172,0.7510,0.0199,0.6202,0.3599,0.2463,0.0497,0.0941,0.6098
2741,0.9691,0.9873,0.4999,0.2661,0.2340,0.2356,0.4638,0.0955,0.2051
2742,0.9901,0.0047,0.0689,0.6884,0.2427,0.1386,0.0462,0.0884,0.7267
2743,0.9989,0.0045,0.0197,0.7333,0.2470,0.1399,0.0466,0.0903,0.7232
2744,0.9938,0.9942,0.1007,0.0709,0.8284,0.7038,0.0390,0.0624,0.1949
2745,0.9719,0.7371,0.0413,0.6933,0.2653,0.2155,0.3068,0.1141,0.3636
2746,0.9906,0.9931,0.5624,0.2617,0.1759,0.2379,0.4704,0.0924,0.1994
2747,0.0601,0.8075,0.0255,0.7173,0.2572,0.1489,0.0660,0.1032,0.6819
2748,0.9558,0.9900,0.3499,0.2656,0.3844,0.6704,0.0434,0.0694,0.2169
2749,0.9687,0.0040,0.3709,0.3716,0.2574,0.2060,0.0490,0.1013,0.6437
2750,0.8217,0.9918,0.1165,0.5655,0.3180,0.3472,0.3462,0.0966,0.2101
2751,0.7570,0.9901,0.0197,0.7297,0.2506,0.1412,0.0471,0.0913,0.7205
2752,0.9854,0.9946,0.0197,0.7261,0.2542,0.1384,0.0461,0.0881,0.7273
2753,0.7937,0.9941,0.4734,0.3421,0.1845,0.2368,0.4169,0.1066,0.2398
2754,0.5805,0.9908,0.4195,0.3648,0.2157,0.2349,0.4450,0.1003,0.2198
2755,0.9029,0.9917,0.4528,0.3544,0.1928,0.2403,0.4354,0.1211,0.2032
2756,0.1187,0.9941,0.0229,0.7230,0.2540,0.1420,0.0473,0.0920,0.7186
2757,0.4492,0.9892,0.1832,0.5834,0.2334,0.2344,0.4515,0.0981,0.2160
2758,0.9683,0.9930,0.0198,0.7318,0.2484,0.1403,0.0468,0.0911,0.7218
2759,0.9649,0.9924,0.0199,0.7307,0.2495,0.1430,0.0477,0.0926,0.7168
2760,0.9765,0.0072,0.0583,0.2878,0.6539,0.4198,0.0500,0.1349,0.3953
2762,0.9971,0.0041,0.0582,0.5497,0.3922,0.2840,0.1464,0.1481,0.4215
2763,0.9751,0.9928,0.0198,0.7183,0.2619,0.1389,0.0463,0.0895,0.7253
2764,0.9540,0.9905,0.0680,0.1147,0.8174,0.6125,0.1281,0.0629,0.1965
2765,0.9306,0.9921,0.1016,0.5454,0.3530,0.4264,0.0898,0.1219,0.3619
2766,0.4439,0.9873,0.2654,0.4150,0.3196,0.3375,0.3655,0.0934,0.2035
2767,0.3654,0.7604,0.0199,0.7232,0.2569,0.1574,0.1235,0.1039,0.6152
2768,0.9898,0.9922,0.0263,0.3851,0.5886,0.3179,0.2203,0.1267,0.3351
2769,0.9965,0.9916,0.1140,0.6503,0.2357,0.1524,0.1241,0.1004,0.6231
2770,0.9065,0.0046,0.2190,0.5601,0.2208,0.2144,0.2736,0.1107,0.4014
2771,0.9957,0.9547,0.0290,0.7111,0.2599,0.1912,0.2493,0.1052,0.4542
2772,0.8392,0.9926,0.0197,0.3898,0.5905,0.6289,0.0473,0.0872,0.2366
2773,0.9760,0.9922,0.1615,0.4615,0.3771,0.2574,0.4545,0.0889,0.1992
2774,0.9385,0.9933,0.0197,0.7289,0.2514,0.1416,0.0472,0.0934,0.7178
2775,0.1644,0.9938,0.2301,0.5511,0.2188,0.1455,0.0485,0.0964,0.7096
2776,0.9887,0.0045,0.0199,0.7314,0.2487,0.1386,0.0462,0.0889,0.7263
2777,0.9922,0.9917,0.0236,0.7285,0.2479,0.1756,0.1841,0.1075,0.5328
2778,0.9685,0.8999,0.0198,0.7236,0.2566,0.2377,0.3659,0.1208,0.2756
2779,0.0500,0.7600,0.2989,0.4848,0.2163,0.1460,0.0487,0.0959,0.7095
2780,0.8549,0.9911,0.0287,0.4621,0.5092,0.4638,0.2567,0.0750,0.2045
2781,0.9902,0.9927,0.0197,0.7220,0.2583,0.1482,0.0732,0.0972,0.6814
2782,0.9460,0.8846,0.6788,0.1368,0.1843,0.1639,0.0485,0.1367,0.6509
2783,0.9463,0.9321,0.0242,0.7215,0.2543,0.1734,0.1715,0.1082,0.5468
2784,0.9897,0.9947,0.0197,0.7328,0.2476,0.1430,0.0477,0.0934,0.7159
2785,0.9981,0.9952,0.0197,0.7303,0.2500,0.1405,0.0468,0.0900,0.7226
2786,0.9473,0.9909,0.5156,0.1000,0.3845,0.5435,0.1056,0.1135,0.2373
2787,0.9576,0.0059,0.5197,0.2973,0.1830,0.1409,0.0470,0.0915,0.7206
2788,0.9847,0.9439,0.0222,0.7123,0.2655,0.2379,0.4367,0.1024,0.2229
2789,0.9893,0.0045,0.2215,0.5438,0.2347,0.1680,0.1641,0.1054,0.5625
2790,0.4238,0.9928,0.2077,0.5614,0.2309,0.1794,0.2131,0.1040,0.5034
2791,0.4402,0.9582,0.0197,0.7271,0.2532,0.1480,0.0638,0.1003,0.6879
2792,0.9990,0.9945,0.0198,0.7291,0.2511,0.1399,0.0466,0.0892,0.7243
2793,0.9286,0.9950,0.5497,0.2788,0.1715,0.2344,0.4676,0.0937,0.2042
2794,0.9977,0.9939,0.0197,0.7300,0.2503,0.1438,0.0479,0.0932,0.7150
2795,0.9793,0.0041,0.2542,0.2780,0.4678,0.1789,0.0486,0.1094,0.6631
2796,0.2589,0.9938,0.5530,0.2677,0.1793,0.2184,0.3370,0.1088,0.3359
2797,0.9326,0.9919,0.0198,0.7308,0.2493,0.1439,0.0480,0.0929,0.7152
2798,0.8797,0.9760,0.0198,0.1665,0.8136,0.5759,0.1471,0.0715,0.2056
2799,0.0587,0.9937,0.1724,0.0576,0.7699,0.6956,0.0400,0.0641,0.2002
2800,0.2152,0.9883,0.2913,0.4792,0.2296,0.2348,0.4493,0.0989,0.2170
2801,0.9791,0.9952,0.0197,0.7303,0.2500,0.1389,0.0463,0.0885,0.7263
2802,0.9931,0.0050,0.1169,0.6473,0.2358,0.1391,0.0464,0.0895,0.7251
2803,0.2326,0.3354,0.0440,0.0843,0.8717,0.6920,0.0405,0.0649,0.2027
2805,0.1868,0.9553,0.4869,0.3272,0.1859,0.1455,0.0485,0.0951,0.7109
2806,0.9903,0.9935,0.0197,0.7272,0.2530,0.1394,0.0465,0.0899,0.7242
2807,0.9946,0.9796,0.0197,0.7033,0.2770,0.1415,0.0472,0.0936,0.7177
2808,0.9683,0.9950,0.2844,0.5020,0.2135,0.1856,0.2256,0.1048,0.4840
2809,0.8204,0.9942,0.0780,0.6818,0.2402,0.1446,0.0482,0.0939,0.7132
2810,0.9997,0.0058,0.0198,0.7331,0.2471,0.1413,0.0471,0.0905,0.7212
2811,0.9896,0.0043,0.4049,0.3881,0.2070,0.2354,0.1656,0.1446,0.4544
2812,0.9294,0.9941,0.0210,0.0828,0.8962,0.6675,0.0745,0.0626,0.1955
2813,0.1721,0.9911,0.0697,0.4356,0.4947,0.6662,0.0461,0.0697,0.2180
2814,0.9820,0.0083,0.0923,0.6635,0.2441,0.1427,0.0476,0.0935,0.7163
2815,0.9981,0.0045,0.0196,0.7332,0.2471,0.1387,0.0462,0.0894,0.7256
2816,0.1939,0.9950,0.0197,0.7305,0.2498,0.1432,0.0477,0.0929,0.7161
2817,0.9868,0.9943,0.0197,0.7279,0.2524,0.1389,0.0463,0.0885,0.7264
2818,0.8306,0.0045,0.3787,0.4238,0.1975,0.1428,0.0476,0.0924,0.7171
2819,0.9669,0.9946,0.0268,0.7252,0.2481,0.1459,0.0486,0.0946,0.7109
2820,0.9735,0.9948,0.0197,0.7316,0.2487,0.1431,0.0477,0.0943,0.7149
2821,0.9923,0.9937,0.0197,0.7322,0.2481,0.1387,0.0462,0.0884,0.7267
2822,0.3443,0.0060,0.5381,0.2725,0.1894,0.1676,0.1553,0.1025,0.5745
2823,0.7331,0.0041,0.2730,0.2735,0.4535,0.2419,0.0650,0.1234,0.5697
2824,0.8586,0.9522,0.0296,0.6625,0.3079,0.2672,0.1611,0.0984,0.4733
2825,0.9538,0.9902,0.4885,0.2182,0.2933,0.5701,0.1647,0.0643,0.2009
2826,0.4946,0.9648,0.0200,0.2273,0.7527,0.6850,0.0414,0.0663,0.2072
2827,0.9403,0.9946,0.0197,0.7321,0.2482,0.1396,0.0465,0.0895,0.7244
2828,0.9910,0.9927,0.0198,0.7147,0.2655,0.1418,0.0473,0.0919,0.7190
2829,0.9850,0.9859,0.1464,0.5703,0.2833,0.3186,0.3503,0.1093,0.2218
2830,0.9935,0.0263,0.0271,0.7234,0.2495,0.2469,0.4088,0.1070,0.2373
2831,0.9837,0.9872,0.5647,0.2488,0.1865,0.2014,0.2822,0.1055,0.4109
2832,0.9963,0.9920,0.1937,0.5448,0.2615,0.2277,0.0880,0.1188,0.5655
2833,0.8148,0.9897,0.1435,0.5598,0.2966,0.3107,0.3990,0.0884,0.2019
2834,0.1401,0.9917,0.0958,0.6607,0.2435,0.1477,0.0554,0.0988,0.6980
2835,0.8420,0.9887,0.0460,0.4740,0.4800,0.4620,0.0487,0.0918,0.3976
2836,0.9922,0.9944,0.0197,0.7320,0.2483,0.1407,0.0469,0.0910,0.7214
2837,0.9298,0.9915,0.1898,0.5724,0.2378,0.2421,0.3707,0.1631,0.2241
2838,0.9935,0.0040,0.3209,0.3399,0.3392,0.2457,0.0549,0.1111,0.5883
2839,0.9766,0.0041,0.1866,0.5137,0.2997,0.2070,0.0497,0.1100,0.6333
2840,0.2147,0.9910,0.0404,0.4301,0.5295,0.4358,0.0473,0.0757,0.4412
2841,0.9916,0.9950,0.0197,0.7317,0.2487,0.1403,0.0468,0.0898,0.7231
2842,0.7299,0.2499,0.0723,0.6067,0.3209,0.1539,0.0604,0.1010,0.6847
2843,0.9746,0.7174,0.0197,0.7192,0.2611,0.1433,0.0478,0.0941,0.7149
2844,0.4083,0.9432,0.0403,0.7083,0.2514,0.1455,0.0485,0.0954,0.7106
2845,0.9846,0.9546,0.2895,0.4837,0.2268,0.1788,0.2047,0.1053,0.5112
2846,0.8093,0.8781,0.0197,0.6260,0.3543,0.1427,0.0476,0.0980,0.7118
2847,0.9474,0.9943,0.6059,0.2315,0.1626,0.2365,0.4315,0.1031,0.2289
2848,0.9912,0.9935,0.0197,0.7266,0.2537,0.1388,0.0463,0.0886,0.7264
2849,0.9962,0.9947,0.0197,0.7308,0.2495,0.1386,0.0462,0.0883,0.7269
2850,0.9761,0.9906,0.0199,0.7292,0.2509,0.1413,0.0471,0.0915,0.7201
2851,0.8640,0.0047,0.2730,0.5116,0.2154,0.1402,0.0467,0.0910,0.7221
2852,0.1998,0.9936,0.2473,0.1707,0.5820,0.6113,0.0662,0.0782,0.2443
2853,0.9693,0.2842,0.0197,0.6973,0.2830,0.1438,0.0479,0.0996,0.7087
2854,0.9894,0.0040,0.2590,0.4516,0.2894,0.2960,0.0839,0.1179,0.5021
2855,0.9526,0.9943,0.0197,0.7317,0.2486,0.1484,0.0705,0.1009,0.6803
2856,0.9982,0.9908,0.1482,0.6087,0.2430,0.2378,0.4618,0.0993,0.2012
2857,0.9983,0.9947,0.5599,0.2687,0.1714,0.1541,0.1281,0.1006,0.6171
2858,0.9883,0.0164,0.1895,0.5442,0.2663,0.2987,0.3833,0.1038,0.2143
2859,0.3972,0.0045,0.2029,0.5667,0.2304,0.1414,0.0471,0.0928,0.7186
2860,0.0737,0.0570,0.0195,0.0195,0.9610,0.7172,0.0372,0.0595,0.1861
2861,0.9949,0.9905,0.1126,0.6525,0.2349,0.1439,0.0480,0.0929,0.7152
2862,0.9323,0.0472,0.0551,0.6202,0.3246,0.2452,0.0517,0.1804,0.5227
2863,0.9770,0.9922,0.0248,0.6630,0.3122,0.3498,0.3488,0.0917,0.2097
2864,0.9987,0.0045,0.0200,0.7310,0.2490,0.1419,0.0473,0.0912,0.7195
2865,0.9294,0.9934,0.0227,0.1397,0.8376,0.4370,0.0483,0.0944,0.4203
2866,0.2426,0.9383,0.2017,0.5668,0.2315,0.1819,0.2148,0.1066,0.4967
2867,0.9992,0.0111,0.0316,0.7122,0.2562,0.1446,0.0482,0.0946,0.7127
2868,0.9414,0.9939,0.0198,0.7285,0.2517,0.1550,0.1284,0.1006,0.6159
2869,0.9259,0.9948,0.4191,0.3897,0.1912,0.2350,0.4581,0.0963,0.2107
2870,0.9907,0.9914,0.0204,0.7297,0.2499,0.2462,0.4063,0.1097,0.2379
2871,0.0966,0.9743,0.0211,0.7251,0.2538,0.1459,0.0486,0.0944,0.7111
2872,0.9972,0.9950,0.0196,0.7281,0.2523,0.1386,0.0462,0.0882,0.7270
2873,0.9004,0.9907,0.4147,0.3948,0.1906,0.2063,0.2957,0.1067,0.3913
2874,0.9918,0.0047,0.0198,0.7313,0.2489,0.1388,0.0463,0.0887,0.7263
2875,0.9811,0.9720,0.1419,0.5528,0.3053,0.1808,0.0490,0.1122,0.6580
2876,0.9209,0.0045,0.0214,0.7290,0.2496,0.1390,0.0463,0.0895,0.7251
2878,0.9441,0.9904,0.0327,0.1824,0.7849,0.5044,0.2293,0.0646,0.2018
2879,0.8810,0.9551,0.1239,0.4123,0.4637,0.2331,0.0481,0.1014,0.6174
2880,0.2897,0.9940,0.4744,0.3389,0.1866,0.1480,0.0672,0.0974,0.6875
2881,0.9108,0.9939,0.0594,0.6965,0.2441,0.1444,0.0481,0.0944,0.7130
2882,0.9210,0.9853,0.0974,0.1185,0.7841,0.2876,0.1474,0.2722,0.2928
2883,0.8290,0.9922,0.1230,0.5353,0.3417,0.3911,0.3095,0.0873,0.2121
2884,0.9448,0.9304,0.0197,0.6881,0.2922,0.1395,0.0465,0.0912,0.7227
2885,0.9685,0.9824,0.0800,0.6267,0.2934,0.3154,0.3818,0.0932,0.2096
2886,0.8479,0.9927,0.0196,0.7299,0.2504,0.1389,0.0463,0.0890,0.7258
2887,0.1649,0.9924,0.0706,0.1244,0.8050,0.6005,0.0478,0.0765,0.2752
2888,0.9900,0.0047,0.0199,0.7311,0.2489,0.1387,0.0462,0.0885,0.7266
2889,0.9904,0.9953,0.0197,0.7298,0.2505,0.1404,0.0468,0.0904,0.7223
2890,0.9966,0.9921,0.1365,0.3906,0.4729,0.2991,0.1542,0.1113,0.4354
2891,0.4915,0.9923,0.5488,0.2724,0.1789,0.1666,0.1665,0.1033,0.5636
2892,0.9867,0.9347,0.0198,0.6847,0.2954,0.1999,0.2690,0.1070,0.4241
2893,0.9958,0.0045,0.0206,0.7302,0.2492,0.1404,0.0468,0.0903,0.7225
2894,0.0851,0.2266,0.0195,0.0195,0.9611,0.7177,0.0371,0.0594,0.1857
2895,0.6264,0.9925,0.0198,0.1958,0.7844,0.6823,0.0405,0.0746,0.2026
2896,0.9753,0.9922,0.0198,0.1739,0.8063,0.5309,0.0475,0.1839,0.2376
2897,0.9527,0.9915,0.4293,0.0936,0.4772,0.5988,0.0483,0.1113,0.2416
2898,0.9913,0.9939,0.0240,0.1281,0.8479,0.7103,0.0381,0.0610,0.1906
2899,0.9733,0.9880,0.2789,0.4994,0.2217,0.2387,0.4527,0.1007,0.2079
2900,0.9352,0.0040,0.2667,0.2724,0.4609,0.3356,0.0786,0.1782,0.4076
2901,0.9878,0.8748,0.0197,0.7184,0.2619,0.2119,0.3196,0.1078,0.3607
2902,0.9719,0.0047,0.3200,0.4433,0.2367,0.2712,0.4128,0.1108,0.2052
2903,0.0618,0.9848,0.0194,0.0194,0.9612,0.7159,0.0374,0.0598,0.1869
2904,0.0276,0.6614,0.1177,0.6427,0.2396,0.1420,0.0473,0.0930,0.7177
2905,0.9318,0.9947,0.0197,0.7323,0.2480,0.1397,0.0466,0.0903,0.7234
2906,0.7499,0.9921,0.3039,0.3978,0.2983,0.2625,0.3937,0.1313,0.2125
2907,0.1419,0.9927,0.0311,0.2036,0.7654,0.3439,0.0477,0.0763,0.5322
2908,0.9975,0.0045,0.0196,0.7333,0.2471,0.1388,0.0463,0.0892,0.7258
2909,0.7064,0.9952,0.0197,0.7294,0.2509,0.1398,0.0466,0.0905,0.7232
2910,0.0294,0.1716,0.0195,0.0195,0.9611,0.7173,0.0372,0.0595,0.1860
2911,0.9813,0.9932,0.1429,0.5483,0.3089,0.2250,0.0542,0.1404,0.5804
2912,0.9956,0.0063,0.0197,0.7243,0.2559,0.1471,0.0490,0.0991,0.7047
2913,0.9945,0.9953,0.0198,0.7269,0.2533,0.1438,0.0479,0.0931,0.7151
2914,0.9787,0.9917,0.1478,0.3772,0.4751,0.4379,0.2575,0.0888,0.2159
2915,0.9228,0.9934,0.3177,0.3553,0.3271,0.2850,0.0482,0.1355,0.5313
2916,0.9780,0.9903,0.1817,0.4106,0.4076,0.3738,0.3362,0.0853,0.2047
2917,0.3103,0.9808,0.0199,0.7230,0.2571,0.1490,0.0913,0.0988,0.6609
2918,0.9870,0.0063,0.8193,0.0347,0.1460,0.2347,0.4588,0.0966,0.2100
2919,0.9735,0.0041,0.2175,0.2270,0.5555,0.1922,0.0632,0.1048,0.6397
2920,0.9717,0.9885,0.6260,0.1290,0.2451,0.2569,0.4458,0.0963,0.2010
2921,0.8735,0.9924,0.5038,0.2646,0.2316,0.2557,0.4522,0.0920,0.2000
2922,0.9806,0.9353,0.0956,0.1326,0.7718,0.7056,0.0387,0.0620,0.1937
2923,0.9901,0.9886,0.0235,0.1401,0.8364,0.3934,0.0441,0.3418,0.2207
2924,0.8456,0.0049,0.1479,0.6160,0.2361,0.1393,0.0464,0.0899,0.7244
2925,0.3339,0.9908,0.3774,0.4009,0.2217,0.1803,0.2106,0.1045,0.5046
2926,0.9288,0.9925,0.2688,0.1247,0.6065,0.6545,0.0455,0.0727,0.2273
2927,0.9956,0.9953,0.0197,0.7292,0.2510,0.1398,0.0466,0.0896,0.7240
2928,0.9899,0.9929,0.0199,0.7263,0.2538,0.1460,0.0487,0.0976,0.7078
2929,0.8635,0.9943,0.5569,0.2620,0.1811,0.2345,0.3934,0.1103,0.2618
2930,0.9490,0.9946,0.0553,0.6993,0.2454,0.1424,0.0475,0.0915,0.7187
2931,0.8215,0.9598,0.0669,0.6511,0.2820,0.4135,0.0494,0.1289,0.4083
2932,0.9969,0.9952,0.0197,0.7318,0.2485,0.1396,0.0465,0.0892,0.7246
2933,0.1945,0.9501,0.2631,0.5168,0.2201,0.1804,0.2045,0.1038,0.5113
2934,0.9834,0.9930,0.3496,0.3079,0.3425,0.4455,0.2569,0.0834,0.2141
2935,0.5219,0.9904,0.0393,0.7044,0.2564,0.2348,0.4471,0.0997,0.2184
2936,0.9597,0.9914,0.0197,0.7294,0.2509,0.1395,0.0465,0.0899,0.7241
2937,0.9960,0.9938,0.4438,0.3707,0.1855,0.1491,0.0934,0.0992,0.6584
2938,0.9340,0.9874,0.4606,0.3170,0.2225,0.2395,0.3950,0.1184,0.2471
2939,0.0479,0.9394,0.0438,0.7064,0.2498,0.1571,0.1141,0.1039,0.6249
2940,0.6510,0.9928,0.0226,0.4842,0.4932,0.6569,0.0453,0.0722,0.2256
2941,0.6902,0.4608,0.0200,0.6955,0.2846,0.2223,0.3125,0.1111,0.3541
2942,0.1743,0.9886,0.0294,0.7210,0.2496,0.1473,0.0515,0.0966,0.7045
2943,0.4576,0.9899,0.0199,0.1541,0.8260,0.6609,0.0446,0.0714,0.2231
2944,0.7565,0.2185,0.0200,0.6974,0.2827,0.3977,0.0663,0.1058,0.4303
2945,0.9524,0.9878,0.1878,0.5881,0.2242,0.2307,0.3835,0.1092,0.2767
2946,0.9475,0.9949,0.0197,0.7288,0.2515,0.1384,0.0461,0.0881,0.7273
2947,0.9930,0.9934,0.1112,0.0843,0.8046,0.7148,0.0375,0.0600,0.1876
2948,0.7834,0.9286,0.0197,0.7260,0.2543,0.1481,0.0629,0.1025,0.6864
2949,0.9036,0.9935,0.0197,0.1040,0.8763,0.6110,0.0394,0.1525,0.1971
2950,0.9673,0.9932,0.2796,0.4880,0.2324,0.2566,0.4447,0.0923,0.2064
2952,0.8764,0.9943,0.0197,0.7328,0.2475,0.1395,0.0465,0.0898,0.7242
2953,0.6691,0.0039,0.1304,0.6139,0.2557,0.3061,0.0692,0.1171,0.5076
2954,0.9514,0.9906,0.0478,0.0473,0.9049,0.6955,0.0501,0.0617,0.1928
2955,0.9031,0.8510,0.0198,0.7140,0.2662,0.1904,0.2465,0.1088,0.4542
2956,0.9772,0.9942,0.0288,0.7218,0.2494,0.1447,0.0482,0.0938,0.7133
2957,0.9460,0.9905,0.0483,0.2185,0.7332,0.6494,0.0953,0.0619,0.1934
2958,0.7676,0.9859,0.0198,0.1609,0.8193,0.6761,0.0426,0.0682,0.2131
2959,0.9259,0.9949,0.5574,0.2649,0.1777,0.1959,0.2660,0.1054,0.4326
2960,0.9493,0.9947,0.0198,0.7300,0.2501,0.1498,0.0994,0.1032,0.6476
2961,0.1040,0.5712,0.0197,0.7275,0.2528,0.1483,0.0598,0.1022,0.6897
2962,0.9931,0.9948,0.0197,0.7313,0.2490,0.1395,0.0465,0.0896,0.7243
2963,0.9982,0.0040,0.1593,0.6075,0.2332,0.2600,0.3182,0.1755,0.2462
2964,0.0383,0.9361,0.0196,0.7306,0.2498,0.1410,0.0470,0.0924,0.7196
2966,0.9819,0.9607,0.0515,0.6957,0.2528,0.2078,0.2373,0.1198,0.4351
2967,0.9012,0.0069,0.0469,0.0638,0.8893,0.7124,0.0378,0.0605,0.1892
2968,0.0200,0.0542,0.0195,0.0195,0.9610,0.7144,0.0376,0.0601,0.1879
2969,0.8809,0.0043,0.5423,0.2550,0.2027,0.1991,0.0495,0.1213,0.6301
2970,0.9782,0.0039,0.0200,0.2396,0.7405,0.3800,0.0978,0.1501,0.3721
2971,0.9989,0.9945,0.0197,0.7304,0.2499,0.1401,0.0467,0.0898,0.7235
2972,0.6428,0.9946,0.0873,0.6733,0.2394,0.1420,0.0473,0.0918,0.7188
2973,0.9956,0.0045,0.0398,0.7145,0.2457,0.1392,0.0464,0.0896,0.7248
2974,0.6818,0.9620,0.0197,0.7251,0.2552,0.1455,0.0485,0.1000,0.7060
2975,0.9784,0.9938,0.0197,0.7312,0.2491,0.1474,0.0502,0.0971,0.7053
2976,0.9489,0.9929,0.0198,0.0907,0.8895,0.6815,0.0615,0.0623,0.1947
2977,0.0921,0.9548,0.1234,0.6360,0.2406,0.1830,0.2062,0.1056,0.5051
2978,0.9861,0.9943,0.0198,0.7301,0.2501,0.1391,0.0464,0.0890,0.7255
2979,0.9830,0.9573,0.0705,0.5270,0.4026,0.3407,0.3597,0.0946,0.2050
2980,0.9934,0.9936,0.5698,0.2550,0.1752,0.2360,0.4215,0.1052,0.2373
2981,0.9523,0.0040,0.2339,0.3295,0.4366,0.3045,0.0729,0.1187,0.5039
2982,0.9907,0.0056,0.0198,0.7325,0.2477,0.1392,0.0464,0.0910,0.7233
2983,0.3176,0.9817,0.0486,0.6988,0.2525,0.1450,0.0483,0.0946,0.7121
2984,0.9881,0.9923,0.1426,0.2797,0.5777,0.3733,0.3271,0.0882,0.2113
2985,0.8784,0.0044,0.0290,0.0281,0.9428,0.7141,0.0376,0.0602,0.1881
2986,0.9951,0.0043,0.4730,0.3352,0.1918,0.2431,0.4262,0.1139,0.2168
2987,0.9965,0.0047,0.0199,0.7312,0.2489,0.1400,0.0467,0.0907,0.7227
2988,0.9681,0.9937,0.1275,0.1721,0.7004,0.5750,0.1453,0.0678,0.2119
2989,0.9664,0.0047,0.0198,0.7301,0.2501,0.1467,0.0489,0.0962,0.7082
2990,0.8777,0.9807,0.0255,0.2012,0.7732,0.5790,0.1483,0.0661,0.2066
2991,0.8924,0.9070,0.0197,0.7228,0.2575,0.1482,0.0698,0.1003,0.6817
2992,0.9979,0.9943,0.1845,0.5906,0.2249,0.2140,0.3287,0.1068,0.3505
2993,0.0833,0.9699,0.0197,0.7307,0.2496,0.1430,0.0477,0.0936,0.7157
2994,0.9429,0.9905,0.0197,0.6391,0.3412,0.4085,0.2902,0.0875,0.2138
2995,0.3240,0.9942,0.2982,0.4869,0.2149,0.1489,0.0887,0.0987,0.6638
2996,0.3659,0.8192,0.0197,0.7212,0.2591,0.1497,0.0927,0.1043,0.6533
2997,0.5095,0.9918,0.0197,0.7299,0.2504,0.1392,0.0464,0.0894,0.7250
2998,0.8143,0.9888,0.3153,0.4783,0.2064,0.1707,0.1754,0.1039,0.5500
2999,0.1095,0.6853,0.1293,0.6153,0.2554,0.1474,0.0491,0.0980,0.7055
3000,0.4145,0.0047,0.5717,0.2535,0.1748,0.1717,0.1757,0.1031,0.5495
3001,0.9877,0.9796,0.4262,0.3729,0.2009,0.1649,0.1579,0.1037,0.5735
3002,0.9696,0.9940,0.4975,0.3003,0.2022,0.2470,0.4596,0.0938,0.1997
3003,0.9770,0.9945,0.2780,0.5050,0.2171,0.2331,0.3596,0.1143,0.2930
3004,0.9851,0.9944,0.0489,0.7070,0.2441,0.1476,0.0590,0.0966,0.6968
3005,0.9961,0.9948,0.0197,0.7306,0.2497,0.1431,0.0477,0.0927,0.7165
3006,0.9613,0.9890,0.0959,0.6574,0.2467,0.1455,0.0485,0.0958,0.7101
3007,0.9136,0.9925,0.1044,0.5937,0.3019,0.2449,0.4651,0.0909,0.1990
3008,0.9870,0.9874,0.1041,0.6492,0.2467,0.1701,0.1211,0.1226,0.5862
3009,0.9817,0.9927,0.0646,0.1370,0.7984,0.5141,0.2202,0.0644,0.2013
3010,0.7904,0.0045,0.0770,0.6797,0.2433,0.1388,0.0463,0.0893,0.7256
3011,0.9824,0.9942,0.0632,0.6947,0.2421,0.1649,0.1606,0.1019,0.5726
3012,0.9404,0.8290,0.0197,0.7282,0.2521,0.1519,0.1201,0.1031,0.6250
3013,0.2375,0.9899,0.3734,0.4081,0.2186,0.2370,0.4069,0.1094,0.2468
3014,0.0061,0.0868,0.0194,0.0194,0.9611,0.7108,0.0380,0.0609,0.1902
3015,0.9809,0.8849,0.0199,0.7234,0.2567,0.2386,0.4076,0.1089,0.2450
3016,0.9554,0.9944,0.0197,0.7299,0.2504,0.1402,0.0467,0.0910,0.7221
3017,0.9782,0.9299,0.4259,0.3386,0.2355,0.2417,0.4583,0.0992,0.2009
3018,0.9069,0.9946,0.1264,0.6378,0.2357,0.1479,0.0591,0.0986,0.6944
3019,0.9951,0.9942,0.0196,0.7291,0.2513,0.1384,0.0461,0.0882,0.7273
3020,0.9613,0.5951,0.0197,0.5505,0.4298,0.1403,0.0468,0.0920,0.7210
3021,0.5931,0.9935,0.0598,0.6953,0.2449,0.1496,0.0808,0.1002,0.6693
3022,0.9991,0.9942,0.2450,0.5414,0.2135,0.1738,0.1958,0.1023,0.5281
3023,0.2358,0.9484,0.0514,0.6972,0.2514,0.1960,0.2474,0.1059,0.4507
3024,0.8604,0.9928,0.3508,0.2935,0.3557,0.3906,0.2971,0.0890,0.2233
3025,0.9769,0.0040,0.5293,0.2467,0.2239,0.2341,0.4037,0.1506,0.2117
3026,0.9909,0.9885,0.1368,0.1811,0.6821,0.3348,0.0477,0.1483,0.4691
3027,0.9875,0.9869,0.0670,0.6907,0.2423,0.1506,0.1048,0.1010,0.6436
3028,0.9353,0.9905,0.5507,0.2818,0.1675,0.2682,0.3830,0.1393,0.2095
3029,0.9451,0.7637,0.1860,0.5482,0.2658,0.2446,0.4520,0.1004,0.2030
3030,0.6030,0.2132,0.0200,0.2650,0.7151,0.1410,0.0470,0.0967,0.7154
3031,0.9328,0.9574,0.0198,0.7289,0.2513,0.1493,0.0900,0.1003,0.6603
3032,0.9623,0.9911,0.0198,0.7292,0.2511,0.1390,0.0463,0.0889,0.7257
3033,0.9973,0.9933,0.0197,0.7229,0.2573,0.1394,0.0465,0.0894,0.7248
3034,0.0583,0.9848,0.0983,0.6586,0.2431,0.1415,0.0472,0.0916,0.7197
3035,0.7944,0.2005,0.0621,0.5122,0.4257,0.5192,0.1604,0.0918,0.2286
3036,0.9883,0.9695,0.0197,0.7019,0.2784,0.1398,0.0466,0.0910,0.7226
3037,0.9349,0.7315,0.1047,0.6140,0.2813,0.2899,0.2475,0.1324,0.3302
3038,0.7664,0.9943,0.0197,0.7278,0.2525,0.1526,0.1201,0.1008,0.6265
3039,0.7160,0.0047,0.4355,0.3610,0.2035,0.1407,0.0469,0.0922,0.7202
3040,0.5542,0.8649,0.0346,0.1965,0.7689,0.4341,0.0488,0.0867,0.4304
3041,0.8429,0.9867,0.0501,0.0753,0.8746,0.6570,0.0413,0.0954,0.2063
3042,0.7287,0.9739,0.0199,0.3955,0.5847,0.5967,0.0462,0.1259,0.2312
3043,0.2341,0.5181,0.0198,0.7233,0.2569,0.1455,0.0485,0.0982,0.7078
3044,0.4004,0.9824,0.0348,0.7159,0.2493,0.1497,0.1041,0.1012,0.6450
3045,0.9925,0.9845,0.0345,0.7192,0.2463,0.2246,0.3573,0.1132,0.3049
3046,0.2322,0.8333,0.0198,0.6230,0.3572,0.2063,0.0495,0.0954,0.6487
3047,0.9227,0.9945,0.0198,0.7307,0.2495,0.1433,0.0478,0.0939,0.7150
3048,0.9857,0.9934,0.0197,0.7258,0.2545,0.1394,0.0465,0.0891,0.7250
3049,0.7183,0.9888,0.1520,0.6078,0.2402,0.2516,0.4094,0.1167,0.2223
3050,0.9269,0.9827,0.0517,0.6925,0.2558,0.3346,0.3415,0.0969,0.2270
3051,0.1543,0.4914,0.0995,0.6326,0.2680,0.1531,0.1128,0.1019,0.6322
3052,0.9437,0.0040,0.1402,0.3968,0.4630,0.2882,0.0508,0.1012,0.5598
3053,0.8521,0.9906,0.4016,0.3831,0.2152,0.2358,0.4191,0.1101,0.2350
3054,0.9834,0.9904,0.1064,0.6041,0.2895,0.2547,0.4524,0.0924,0.2005
3055,0.5601,0.9821,0.0199,0.7273,0.2528,0.1488,0.0650,0.1001,0.6860
3056,0.8736,0.9924,0.0631,0.5726,0.3643,0.4605,0.0484,0.0944,0.3968
3057,0.1021,0.9588,0.3764,0.4249,0.1987,0.1425,0.0475,0.0925,0.7174
3058,0.5625,0.8739,0.0196,0.7284,0.2520,0.1400,0.0467,0.0902,0.7231
3059,0.9916,0.9927,0.3929,0.3606,0.2465,0.2354,0.4374,0.1042,0.2230
3060,0.1261,0.9937,0.1585,0.0328,0.8087,0.6942,0.0402,0.0644,0.2012
3061,0.9922,0.9830,0.6535,0.1559,0.1906,0.2369,0.4362,0.1038,0.2231
3062,0.7678,0.9837,0.5193,0.2975,0.1832,0.1483,0.0499,0.0975,0.7044
3063,0.8370,0.9886,0.2130,0.3262,0.4608,0.4904,0.2102,0.0859,0.2135
3064,0.9959,0.9946,0.1181,0.6444,0.2374,0.1471,0.0510,0.0954,0.7065
3065,0.5736,0.2588,0.0198,0.3520,0.6282,0.6460,0.0500,0.0737,0.2303
3066,0.2344,0.9940,0.4292,0.3795,0.1912,0.1757,0.1964,0.1038,0.5241
3067,0.9950,0.9913,0.0198,0.7300,0.2502,0.1475,0.0583,0.0978,0.6964
3068,0.1829,0.9457,0.0199,0.2340,0.7461,0.6896,0.0408,0.0654,0.2042
3069,0.0351,0.9782,0.0197,0.7296,0.2507,0.1463,0.0488,0.0965,0.7085
3070,0.7491,0.0100,0.0198,0.7256,0.2545,0.1595,0.1289,0.1038,0.6078
3071,0.9738,0.0040,0.5075,0.2403,0.2522,0.2244,0.0865,0.1064,0.5826
3072,0.9426,0.9810,0.3109,0.4812,0.2080,0.2361,0.4451,0.1017,0.2171
3073,0.8509,0.9924,0.0604,0.4486,0.4910,0.6909,0.0407,0.0651,0.2034
3074,0.9743,0.0040,0.1414,0.5062,0.3524,0.2912,0.0619,0.1144,0.5325
3075,0.9778,0.9949,0.0197,0.7319,0.2484,0.1393,0.0464,0.0895,0.7247
3076,0.9116,0.9937,0.2046,0.4954,0.3000,0.2645,0.4320,0.0961,0.2074
3077,0.9918,0.9948,0.0196,0.7298,0.2506,0.1386,0.0462,0.0882,0.7270
3078,0.9860,0.8270,0.0197,0.7170,0.2633,0.1400,0.0467,0.0917,0.7216
3079,0.8294,0.9928,0.4474,0.3644,0.1882,0.1488,0.0875,0.0980,0.6656
3080,0.6064,0.9809,0.0198,0.5629,0.4173,0.2232,0.1035,0.1061,0.5671
3081,0.7500,0.9812,0.0825,0.6092,0.3083,0.2402,0.1697,0.1034,0.4867
3082,0.5738,0.9213,0.0197,0.7147,0.2655,0.1430,0.0477,0.0972,0.7122
3083,0.9068,0.9466,0.0200,0.7225,0.2575,0.1513,0.1136,0.1038,0.6313
3084,0.1709,0.9932,0.1779,0.0200,0.8021,0.6899,0.0409,0.0653,0.2039
3085,0.9942,0.9940,0.0197,0.7286,0.2517,0.1390,0.0463,0.0898,0.7249
3086,0.9553,0.9899,0.2046,0.5566,0.2388,0.2361,0.4319,0.1036,0.2283
3087,0.9971,0.0047,0.0198,0.7200,0.2602,0.1422,0.0474,0.0931,0.7173
3088,0.9883,0.9943,0.2377,0.5447,0.2176,0.1769,0.1982,0.1044,0.5205
3089,0.6261,0.0157,0.1187,0.3084,0.5729,0.2988,0.0488,0.1079,0.5445
3090,0.8490,0.9934,0.4785,0.3283,0.1933,0.2373,0.4328,0.1047,0.2252
3091,0.9888,0.9929,0.3539,0.4159,0.2302,0.3029,0.3649,0.1044,0.2279
3092,0.0363,0.8079,0.0197,0.7244,0.2559,0.1588,0.1189,0.1049,0.6175
3093,0.9960,0.9819,0.0199,0.7207,0.2594,0.2225,0.3468,0.1100,0.3208
3094,0.9745,0.9904,0.4920,0.1423,0.3657,0.6308,0.0860,0.0687,0.2146
3095,0.9622,0.9688,0.0379,0.7059,0.2563,0.1489,0.0847,0.1030,0.6634
3096,0.9812,0.9905,0.1889,0.5340,0.2771,0.3027,0.4002,0.0904,0.2068
3097,0.9971,0.9952,0.0198,0.7306,0.2497,0.1405,0.0468,0.0906,0.7221
3098,0.9575,0.0039,0.0563,0.4154,0.5283,0.2817,0.0496,0.1100,0.5586
3099,0.9914,0.8605,0.0199,0.7081,0.2720,0.2355,0.4579,0.0965,0.2102
3100,0.8922,0.9935,0.0799,0.2757,0.6444,0.5788,0.0984,0.1005,0.2223
3101,0.8713,0.9893,0.0325,0.7140,0.2535,0.2487,0.4326,0.1136,0.2051
3102,0.4372,0.9877,0.0198,0.7257,0.2545,0.1476,0.0600,0.0968,0.6955
3103,0.5010,0.9934,0.0198,0.7276,0.2526,0.1395,0.0465,0.0897,0.7243
3104,0.9934,0.9911,0.0507,0.6967,0.2526,0.2405,0.4532,0.0998,0.2065
3105,0.9308,0.9839,0.0540,0.6997,0.2463,0.1459,0.0486,0.0952,0.7103
3106,0.9886,0.9927,0.1749,0.5987,0.2264,0.2232,0.3577,0.1084,0.3106
3108,0.9273,0.9918,0.1047,0.5648,0.3305,0.4014,0.2241,0.1085,0.2659
3109,0.9952,0.0041,0.1305,0.6144,0.2551,0.3170,0.2325,0.1312,0.3192
3110,0.8519,0.6801,0.3280,0.4436,0.2284,0.2020,0.2345,0.1141,0.4494
3111,0.6775,0.7973,0.0198,0.6582,0.3220,0.1794,0.0495,0.0982,0.6729
3112,0.1637,0.9427,0.1191,0.6405,0.2404,0.2016,0.2655,0.1064,0.4265
3113,0.9877,0.9943,0.0197,0.7279,0.2524,0.1394,0.0465,0.0892,0.7250
3114,0.9977,0.9774,0.1005,0.6600,0.2394,0.1636,0.1573,0.1010,0.5781
3115,0.9960,0.9932,0.0608,0.6512,0.2881,0.2582,0.0788,0.1330,0.5300
3116,0.2008,0.9840,0.0199,0.2793,0.7008,0.6973,0.0398,0.0637,0.1991
3117,0.8881,0.0050,0.0668,0.6903,0.2428,0.1388,0.0463,0.0890,0.7260
3118,0.9538,0.9945,0.0198,0.7278,0.2525,0.1450,0.0483,0.0942,0.7125
3119,0.9951,0.9902,0.2058,0.3803,0.4139,0.5403,0.1581,0.0905,0.2110
3120,0.0746,0.9845,0.0380,0.7059,0.2560,0.2206,0.3002,0.1084,0.3707
3121,0.9990,0.9944,0.0199,0.7299,0.2502,0.1433,0.0478,0.0922,0.7168
3122,0.9154,0.9924,0.0410,0.2049,0.7541,0.6748,0.0428,0.0685,0.2139
3123,0.9890,0.9931,0.3855,0.2660,0.3485,0.2853,0.4276,0.0867,0.2004
3124,0.9961,0.9938,0.0776,0.1026,0.8198,0.7041,0.0389,0.0623,0.1947
3125,0.9482,0.9940,0.5026,0.2416,0.2558,0.2358,0.4671,0.0944,0.2027
3126,0.9703,0.9903,0.3406,0.4556,0.2037,0.1639,0.1627,0.1013,0.5720
3127,0.9821,0.9945,0.1971,0.0896,0.7133,0.7048,0.0388,0.0621,0.1942
3128,0.9938,0.9931,0.0553,0.5633,0.3814,0.3097,0.1556,0.0994,0.4353
3129,0.0746,0.9941,0.0440,0.0408,0.9153,0.7028,0.0391,0.0626,0.1956
3130,0.9955,0.9916,0.4698,0.2623,0.2679,0.2017,0.2777,0.1065,0.4140
3131,0.9630,0.9948,0.0197,0.7277,0.2526,0.1388,0.0463,0.0886,0.7264
3132,0.8835,0.9950,0.0197,0.7301,0.2502,0.1388,0.0463,0.0884,0.7265
3133,0.0366,0.0389,0.0195,0.0195,0.9611,0.7120,0.0379,0.0606,0.1895
3134,0.9978,0.9945,0.0198,0.7299,0.2503,0.1430,0.0477,0.0924,0.7170
3135,0.9968,0.9918,0.0229,0.3070,0.6701,0.3342,0.1331,0.1002,0.4325
3136,0.9929,0.9941,0.0196,0.7310,0.2493,0.1396,0.0465,0.0901,0.7237
3137,0.9057,0.9899,0.5795,0.1948,0.2257,0.2374,0.3962,0.1124,0.2541
3138,0.1797,0.9947,0.4261,0.1605,0.4135,0.6524,0.0457,0.0732,0.2287
3139,0.9947,0.9897,0.5122,0.2854,0.2024,0.2481,0.4530,0.0963,0.2025
3140,0.9819,0.9909,0.0197,0.7248,0.2554,0.1388,0.0463,0.0888,0.7262
3141,0.9964,0.9898,0.0390,0.7131,0.2479,0.2394,0.4054,0.1099,0.2453
3142,0.9759,0.4454,0.0648,0.6569,0.2783,0.1553,0.0479,0.1448,0.6519
3143,0.9936,0.9911,0.4285,0.2807,0.2909,0.2357,0.4619,0.0957,0.2067
3144,0.9785,0.0070,0.3254,0.4361,0.2385,0.2364,0.4661,0.0961,0.2014
3145,0.9627,0.9882,0.0197,0.7245,0.2558,0.1396,0.0465,0.0900,0.7239
3146,0.9685,0.9946,0.0196,0.7297,0.2507,0.1384,0.0461,0.0881,0.7273
3147,0.9410,0.9944,0.0197,0.7277,0.2526,0.1390,0.0463,0.0887,0.7260
3148,0.9991,0.9928,0.5733,0.2489,0.1778,0.2341,0.3965,0.1090,0.2603
3149,0.9872,0.9910,0.2751,0.4808,0.2441,0.2513,0.4486,0.0969,0.2032
3150,0.9911,0.9939,0.0197,0.7286,0.2516,0.1394,0.0465,0.0902,0.7240
3151,0.9937,0.9942,0.0196,0.7290,0.2514,0.1387,0.0462,0.0883,0.7267
3152,0.9950,0.0040,0.1115,0.2333,0.6552,0.4362,0.0576,0.1648,0.3414
3153,0.9251,0.9210,0.0198,0.7285,0.2517,0.1412,0.0471,0.0925,0.7193
3154,0.8426,0.9898,0.2431,0.5412,0.2157,0.1566,0.1342,0.1012,0.6080
3155,0.9843,0.9473,0.0199,0.7195,0.2606,0.1757,0.2001,0.1040,0.5202
3156,0.4466,0.9944,0.0198,0.7291,0.2511,0.1485,0.0747,0.0985,0.6784
3157,0.9936,0.9873,0.0197,0.7234,0.2568,0.1390,0.0463,0.0893,0.7254
3158,0.9759,0.9940,0.0197,0.7316,0.2487,0.1392,0.0464,0.0890,0.7253
3159,0.9627,0.3563,0.0198,0.6331,0.3471,0.1413,0.0471,0.0925,0.7191
3160,0.7479,0.0111,0.0370,0.0382,0.9248,0.7157,0.0374,0.0598,0.1870
3161,0.9906,0.9825,0.0198,0.7217,0.2585,0.1694,0.1680,0.1033,0.5593
3162,0.9824,0.9827,0.1038,0.6198,0.2764,0.1736,0.1581,0.1148,0.5535
3163,0.9239,0.9904,0.2298,0.4954,0.2748,0.2377,0.4197,0.1112,0.2314
3164,0.0575,0.9926,0.0256,0.0307,0.9438,0.7018,0.0392,0.0628,0.1962
3165,0.9725,0.9837,0.0197,0.6738,0.3065,0.1561,0.1213,0.1026,0.6201
3166,0.9327,0.9927,0.0199,0.1085,0.8716,0.6856,0.0414,0.0662,0.2069
3167,0.8742,0.9806,0.1018,0.6614,0.2367,0.1474,0.0493,0.0965,0.7069
3168,0.8798,0.9941,0.2767,0.4909,0.2324,0.1469,0.0490,0.0969,0.7072
3169,0.9796,0.9757,0.0198,0.7234,0.2568,0.2361,0.4427,0.1019,0.2193
3170,0.9891,0.0047,0.1550,0.6151,0.2299,0.1478,0.0615,0.0976,0.6931
3171,0.9515,0.0040,0.3372,0.2955,0.3673,0.2810,0.3472,0.1387,0.2330
3172,0.8616,0.9872,0.0196,0.7315,0.2489,0.1397,0.0466,0.0908,0.7228
3173,0.9470,0.9946,0.0198,0.7304,0.2498,0.1443,0.0481,0.0941,0.7136
3174,0.9518,0.9888,0.1308,0.6348,0.2344,0.1462,0.0487,0.0980,0.7071
3175,0.9959,0.0077,0.0815,0.5539,0.3646,0.1820,0.0688,0.1786,0.5706
3176,0.8727,0.9940,0.0198,0.7314,0.2488,0.1403,0.0468,0.0912,0.7217
3177,0.9846,0.9948,0.0197,0.7310,0.2494,0.1404,0.0468,0.0901,0.7226
3178,0.9700,0.9951,0.0197,0.7300,0.2502,0.1430,0.0477,0.0923,0.7171
3179,0.3110,0.9923,0.0198,0.3090,0.6712,0.6839,0.0407,0.0719,0.2035
3180,0.2752,0.9797,0.0394,0.7058,0.2548,0.2361,0.4235,0.1055,0.2349
3181,0.9494,0.9942,0.0198,0.7315,0.2487,0.1482,0.0709,0.0992,0.6816
3182,0.9930,0.9950,0.0196,0.7281,0.2522,0.1383,0.0461,0.0879,0.7277
3183,0.1150,0.9926,0.0267,0.1927,0.7806,0.6800,0.0421,0.0674,0.2105
3184,0.0217,0.9934,0.0198,0.7291,0.2511,0.1413,0.0471,0.0916,0.7200
3185,0.9949,0.7048,0.0776,0.6803,0.2422,0.1409,0.0470,0.0908,0.7214
3186,0.9789,0.9116,0.6951,0.1198,0.1850,0.3511,0.0509,0.1141,0.4839
3187,0.6075,0.9692,0.0200,0.6425,0.3375,0.5303,0.0491,0.0821,0.3384
3188,0.9931,0.9471,0.0199,0.7237,0.2563,0.1406,0.0469,0.0924,0.7201
3189,0.9819,0.9946,0.0726,0.6849,0.2425,0.1457,0.0486,0.0945,0.7112
3190,0.9911,0.9932,0.2959,0.2412,0.4629,0.5006,0.2152,0.0737,0.2105
3191,0.9546,0.9942,0.0196,0.7324,0.2480,0.1386,0.0462,0.0886,0.7266
3192,0.9980,0.9944,0.1609,0.6122,0.2268,0.1462,0.0487,0.0947,0.7103
3193,0.9354,0.1147,0.5016,0.1850,0.3134,0.5759,0.0495,0.1271,0.2475
3194,0.8771,0.8861,0.0198,0.7057,0.2745,0.1576,0.1077,0.1057,0.6290
3195,0.9642,0.9950,0.4149,0.3927,0.1924,0.2353,0.4494,0.0985,0.2169
3196,0.0441,0.5791,0.0196,0.0196,0.9608,0.7191,0.0370,0.0591,0.1848
3197,0.8402,0.9947,0.0196,0.7314,0.2489,0.1386,0.0462,0.0884,0.7267
3198,0.4368,0.9798,0.0238,0.7131,0.2630,0.2345,0.4544,0.0976,0.2134
3199,0.8984,0.9931,0.5889,0.2037,0.2074,0.2344,0.4722,0.0930,0.2005
3200,0.6825,0.9827,0.2063,0.5302,0.2635,0.2378,0.3996,0.1136,0.2490
3201,0.9948,0.9912,0.0318,0.7193,0.2490,0.2173,0.3210,0.1115,0.3502
3202,0.9177,0.9898,0.5671,0.2118,0.2211,0.2353,0.4653,0.0947,0.2048
3203,0.9781,0.9908,0.1154,0.5833,0.3014,0.2735,0.4261,0.0937,0.2067
3204,0.9788,0.9898,0.1332,0.3662,0.5006,0.3429,0.3774,0.0791,0.2006
3205,0.7618,0.9802,0.3353,0.4413,0.2234,0.2583,0.4224,0.1072,0.2121
3206,0.9741,0.9936,0.0634,0.6937,0.2429,0.1494,0.0929,0.0995,0.6582
3207,0.2056,0.9799,0.0198,0.7229,0.2572,0.1587,0.1389,0.1036,0.5988
3208,0.0741,0.8825,0.2250,0.5541,0.2210,0.1431,0.0477,0.0933,0.7160
3209,0.9934,0.9638,0.0197,0.6974,0.2829,0.1414,0.0471,0.0934,0.7181
3210,0.3495,0.9926,0.1225,0.6403,0.2373,0.1647,0.1642,0.1019,0.5692
3211,0.5409,0.1346,0.0197,0.2554,0.7249,0.5411,0.0484,0.0774,0.3332
3212,0.9747,0.3199,0.0197,0.5956,0.3847,0.1434,0.0478,0.1002,0.7086
3213,0.9905,0.9931,0.0197,0.7319,0.2484,0.1414,0.0471,0.0922,0.7193
3214,0.8472,0.9893,0.2223,0.5604,0.2173,0.1927,0.2522,0.1055,0.4496
3215,0.8699,0.8854,0.2510,0.3152,0.4339,0.4082,0.0496,0.1085,0.4336
3216,0.9846,0.9903,0.1315,0.3802,0.4883,0.5344,0.2020,0.0639,0.1997
3217,0.8497,0.9486,0.0197,0.6651,0.3152,0.1404,0.0468,0.0936,0.7191
3218,0.9966,0.9946,0.0197,0.7321,0.2483,0.1384,0.0461,0.0880,0.7274
3219,0.9817,0.9910,0.1236,0.5220,0.3543,0.3063,0.3987,0.0913,0.2037
3220,0.9369,0.9945,0.0197,0.7285,0.2518,0.1396,0.0465,0.0897,0.7242
3221,0.9086,0.9922,0.1185,0.4144,0.4671,0.2661,0.4455,0.0893,0.1991
3222,0.9988,0.0062,0.0197,0.7206,0.2597,0.1391,0.0464,0.0898,0.7248
3223,0.9909,0.9944,0.0328,0.7195,0.2477,0.1500,0.1046,0.1011,0.6443
3224,0.9874,0.9929,0.1700,0.6029,0.2271,0.1634,0.1603,0.1023,0.5740
3225,0.9874,0.9952,0.0200,0.7271,0.2529,0.1456,0.0485,0.0945,0.7113
3226,0.9613,0.8417,0.1222,0.6106,0.2671,0.2469,0.4553,0.0981,0.1996
3227,0.3524,0.9900,0.1245,0.6360,0.2395,0.1480,0.0685,0.0970,0.6865
3228,0.9875,0.9947,0.0197,0.7289,0.2514,0.1832,0.2198,0.1039,0.4931
3229,0.2600,0.9932,0.0199,0.4817,0.4984,0.5804,0.0467,0.0746,0.2983
3230,0.6824,0.0059,0.1386,0.4198,0.4416,0.4906,0.0492,0.0990,0.3612
3231,0.3545,0.9822,0.0199,0.7255,0.2546,0.1427,0.0476,0.0925,0.7173
3232,0.9327,0.9850,0.4854,0.2513,0.2633,0.2364,0.4524,0.0981,0.2130
3233,0.9941,0.9915,0.5670,0.2286,0.2044,0.2437,0.4624,0.0929,0.2010
3234,0.0244,0.7911,0.0341,0.7154,0.2505,0.1415,0.0472,0.0919,0.7195
3235,0.0687,0.1356,0.0196,0.0196,0.9608,0.7160,0.0374,0.0598,0.1868
3236,0.6220,0.9927,0.0196,0.7324,0.2479,0.1387,0.0462,0.0888,0.7263
3237,0.9988,0.0059,0.0198,0.7187,0.2615,0.1419,0.0473,0.0930,0.7178
3238,0.9941,0.0040,0.5873,0.2487,0.1641,0.2398,0.4022,0.1233,0.2348
3239,0.9988,0.9929,0.0198,0.7330,0.2472,0.1477,0.0652,0.0964,0.6906
3240,0.7640,0.9935,0.0198,0.3163,0.6639,0.6998,0.0395,0.0632,0.1975
3241,0.6446,0.9886,0.1893,0.5857,0.2250,0.1437,0.0479,0.0932,0.7153
3242,0.9703,0.7415,0.0197,0.6419,0.3384,0.1469,0.0490,0.1043,0.6998
3243,0.9976,0.9940,0.4137,0.3960,0.1902,0.2357,0.4256,0.1044,0.2343
3244,0.9673,0.9919,0.2833,0.4322,0.2845,0.4626,0.0590,0.0983,0.3801
3245,0.9483,0.9918,0.1203,0.5744,0.3054,0.2506,0.4609,0.0897,0.1988
3246,0.9920,0.9780,0.0280,0.7106,0.2615,0.2184,0.3393,0.1079,0.3344
3247,0.6606,0.9610,0.0198,0.7181,0.2621,0.1499,0.1023,0.1054,0.6424
3248,0.9868,0.0081,0.0196,0.7327,0.2477,0.1400,0.0467,0.0913,0.7220
3249,0.6458,0.9941,0.0198,0.7308,0.2494,0.1489,0.0865,0.0989,0.6657
3250,0.9751,0.9943,0.0197,0.7310,0.2493,0.1409,0.0470,0.0907,0.7215
3251,0.9935,0.9943,0.0274,0.7244,0.2481,0.1402,0.0467,0.0897,0.7234
3252,0.5051,0.9835,0.1264,0.6109,0.2627,0.3257,0.3564,0.1064,0.2115
3253,0.0720,0.9938,0.0694,0.1460,0.7846,0.6787,0.0423,0.0676,0.2114
3254,0.3654,0.9930,0.3140,0.4744,0.2116,0.1796,0.2123,0.1038,0.5043
3255,0.0239,0.7070,0.0197,0.7297,0.2505,0.1396,0.0465,0.0898,0.7240
3256,0.9996,0.0045,0.0710,0.6876,0.2414,0.1399,0.0466,0.0897,0.7237
3257,0.9446,0.9940,0.0407,0.7131,0.2462,0.1396,0.0465,0.0893,0.7245
3258,0.7862,0.0073,0.0590,0.6703,0.2707,0.3886,0.0612,0.1427,0.4075
3259,0.8994,0.9867,0.0277,0.4349,0.5374,0.6789,0.0419,0.0696,0.2095
3260,0.9724,0.9790,0.1976,0.5284,0.2740,0.2778,0.4090,0.1019,0.2114
3261,0.9922,0.9912,0.1892,0.4295,0.3813,0.6462,0.0466,0.0745,0.2328
3262,0.0435,0.6416,0.0197,0.7290,0.2513,0.1412,0.0471,0.0915,0.7203
3263,0.9632,0.9948,0.0197,0.7290,0.2513,0.1401,0.0467,0.0907,0.7225
3264,0.6152,0.0047,0.0231,0.7257,0.2512,0.1403,0.0468,0.0909,0.7221
3265,0.4258,0.0045,0.5158,0.1424,0.3418,0.4916,0.0609,0.1744,0.2731
3266,0.1139,0.8859,0.0198,0.7306,0.2495,0.1415,0.0472,0.0925,0.7188
3267,0.9980,0.9928,0.5897,0.2439,0.1664,0.1445,0.0482,0.0940,0.7133
3268,0.9096,0.9118,0.2243,0.3412,0.4345,0.3592,0.2973,0.1106,0.2329
3269,0.9113,0.9916,0.3226,0.4701,0.2073,0.1950,0.2597,0.1063,0.4390
3270,0.9926,0.9948,0.0197,0.7320,0.2483,0.1390,0.0463,0.0891,0.7255
3271,0.9953,0.9905,0.3528,0.4298,0.2173,0.2373,0.4658,0.0966,0.2003
3272,0.9944,0.0107,0.1600,0.6147,0.2252,0.2350,0.4164,0.1120,0.2366
3273,0.0439,0.2068,0.0200,0.7211,0.2590,0.1455,0.0485,0.0996,0.7064
3274,0.9906,0.9889,0.0256,0.7250,0.2494,0.1527,0.1225,0.1008,0.6240
3275,0.8692,0.9921,0.0285,0.0984,0.8731,0.6804,0.0421,0.0673,0.2103
3276,0.9943,0.9939,0.0995,0.6633,0.2373,0.1500,0.1131,0.1017,0.6352
3278,0.8302,0.9937,0.0197,0.6768,0.3035,0.4066,0.3146,0.0767,0.2021
3279,0.9983,0.0061,0.0197,0.7322,0.2481,0.1403,0.0468,0.0904,0.7225
3280,0.2215,0.9921,0.0198,0.7224,0.2578,0.2349,0.4513,0.0982,0.2157
3281,0.9811,0.9451,0.0198,0.7242,0.2561,0.2162,0.3133,0.1118,0.3586
3282,0.0187,0.0503,0.0196,0.0196,0.9609,0.7177,0.0371,0.0594,0.1857
3283,0.7432,0.9883,0.6167,0.1469,0.2363,0.2981,0.0490,0.0992,0.5537
3284,0.1802,0.9923,0.0204,0.2254,0.7542,0.4828,0.0472,0.0756,0.3944
3285,0.9804,0.9891,0.2704,0.5088,0.2208,0.2544,0.4362,0.1050,0.2045
3286,0.9207,0.9906,0.0245,0.3413,0.6342,0.3566,0.0850,0.1307,0.4276
3287,0.9710,0.9921,0.0197,0.7324,0.2479,0.1397,0.0466,0.0897,0.7240
3288,0.1150,0.6016,0.0199,0.1040,0.8761,0.6783,0.0391,0.0870,0.1955
3289,0.7478,0.9922,0.1503,0.3068,0.5430,0.6852,0.0414,0.0663,0.2071
3290,0.8106,0.9891,0.0536,0.6930,0.2533,0.2722,0.3478,0.1619,0.2182
3291,0.5325,0.0047,0.3498,0.4423,0.2079,0.1434,0.0478,0.0940,0.7148
3292,0.9725,0.9098,0.0197,0.6625,0.3178,0.1481,0.0538,0.1027,0.6954
3293,0.3556,0.9923,0.0544,0.4666,0.4790,0.3311,0.0481,0.0799,0.5409
3294,0.9876,0.9948,0.0196,0.7322,0.2482,0.1385,0.0462,0.0883,0.7270
3295,0.9345,0.9876,0.5901,0.2460,0.1639,0.1474,0.0534,0.0963,0.7030
3296,0.9946,0.9953,0.0197,0.7312,0.2491,0.1400,0.0467,0.0894,0.7239
3297,0.8317,0.9911,0.0233,0.6981,0.2785,0.2467,0.4612,0.0926,0.1995
3298,0.9882,0.0039,0.0391,0.4229,0.5380,0.3365,0.0723,0.1471,0.4441
3299,0.9669,0.9872,0.3926,0.3943,0.2130,0.2079,0.2822,0.1101,0.3999
3300,0.9512,0.9904,0.5236,0.2632,0.2132,0.2381,0.4224,0.1095,0.2300
3301,0.9893,0.9809,0.0518,0.1060,0.8423,0.5060,0.0468,0.2133,0.2339
3302,0.9209,0.9899,0.2410,0.3445,0.4145,0.4370,0.2998,0.0638,0.1994
3303,0.9969,0.9948,0.0197,0.7328,0.2476,0.1386,0.0462,0.0881,0.7271
3304,0.7880,0.9919,0.1685,0.6042,0.2274,0.1743,0.1770,0.1039,0.5448
3305,0.9912,0.9926,0.0528,0.7020,0.2452,0.1979,0.2512,0.1112,0.4397
3306,0.0934,0.9793,0.0199,0.7261,0.2540,0.1438,0.0479,0.0940,0.7144
3307,0.9787,0.9909,0.4696,0.2447,0.2857,0.2891,0.3953,0.0967,0.2189
3308,0.9990,0.9944,0.0197,0.7316,0.2487,0.1391,0.0464,0.0886,0.7260
3309,0.9211,0.9857,0.1547,0.6149,0.2304,0.1731,0.1900,0.1032,0.5336
3310,0.9748,0.0040,0.2542,0.4251,0.3207,0.2107,0.0952,0.1191,0.5750
3311,0.9898,0.9949,0.0414,0.7126,0.2461,0.1475,0.0550,0.0975,0.7000
3312,0.0616,0.3698,0.0197,0.0197,0.9607,0.7162,0.0373,0.0597,0.1867
3313,0.7366,0.9922,0.4524,0.3633,0.1843,0.2259,0.3672,0.1086,0.2982
3314,0.9916,0.9945,0.0248,0.7199,0.2553,0.1473,0.0491,0.0962,0.7073
3315,0.6794,0.8867,0.0305,0.7163,0.2532,0.1494,0.0880,0.1033,0.6593
3316,0.9968,0.8727,0.0199,0.7205,0.2597,0.2376,0.4077,0.1093,0.2454
3317,0.9188,0.9024,0.5636,0.2506,0.1857,0.1693,0.1684,0.1044,0.5578
3318,0.9890,0.9923,0.0198,0.7204,0.2598,0.1428,0.0476,0.0943,0.7152
3319,0.9687,0.9930,0.0486,0.1259,0.8255,0.6706,0.0433,0.0693,0.2167
3320,0.9775,0.9920,0.0489,0.6222,0.3289,0.4217,0.2476,0.0898,0.2410
3321,0.9979,0.9940,0.0408,0.7114,0.2478,0.1485,0.0813,0.0976,0.6726
3322,0.7852,0.9503,0.0200,0.5602,0.4198,0.6750,0.0428,0.0684,0.2138
3323,0.9914,0.9722,0.0197,0.6845,0.2959,0.1408,0.0469,0.0917,0.7206
3324,0.9208,0.0042,0.2622,0.5203,0.2175,0.1537,0.0638,0.1065,0.6761
3325,0.6261,0.8894,0.1060,0.6115,0.2825,0.3343,0.3045,0.1159,0.2453
3326,0.2890,0.9813,0.0225,0.1921,0.7854,0.6871,0.0404,0.0706,0.2020
3327,0.6275,0.9937,0.0197,0.7320,0.2483,0.1423,0.0474,0.0924,0.7179
3328,0.6644,0.0047,0.2399,0.5401,0.2200,0.1393,0.0464,0.0896,0.7247
3329,0.8769,0.0155,0.0811,0.1226,0.7964,0.4178,0.1178,0.2274,0.2370
3330,0.9669,0.9923,0.3135,0.1063,0.5801,0.6961,0.0400,0.0640,0.2000
3331,0.9910,0.9906,0.1487,0.4838,0.3675,0.3101,0.3820,0.1028,0.2051
3332,0.3616,0.9876,0.5092,0.3003,0.1905,0.2353,0.4412,0.1011,0.2223
3333,0.2483,0.9915,0.2418,0.5279,0.2303,0.1865,0.2293,0.1083,0.4759
3334,0.9420,0.9906,0.3721,0.3391,0.2888,0.2432,0.4673,0.0907,0.1988
3335,0.9839,0.9932,0.0200,0.1797,0.8003,0.6153,0.0406,0.1414,0.2028
3336,0.9818,0.9934,0.3748,0.4081,0.2171,0.2474,0.4210,0.1067,0.2249
3337,0.8264,0.0049,0.0350,0.7172,0.2477,0.1398,0.0466,0.0905,0.7230
3338,0.3061,0.8088,0.0223,0.0288,0.9489,0.7093,0.0382,0.0612,0.1912
3339,0.9781,0.9910,0.0548,0.6782,0.2671,0.2415,0.4683,0.0912,0.1990
3340,0.9997,0.0045,0.0197,0.7328,0.2475,0.1442,0.0481,0.0938,0.7139
3341,0.9937,0.9891,0.0804,0.6589,0.2607,0.2475,0.4050,0.1083,0.2392
3342,0.7768,0.9349,0.0495,0.4033,0.5472,0.6411,0.0546,0.0738,0.2305
3343,0.6178,0.7079,0.3865,0.3981,0.2154,0.1668,0.1584,0.1023,0.5724
3344,0.9536,0.9945,0.0197,0.7309,0.2494,0.1483,0.0645,0.0993,0.6879
3345,0.0727,0.9934,0.0843,0.0233,0.8923,0.7038,0.0390,0.0624,0.1949
3346,0.9915,0.0255,0.0199,0.7276,0.2525,0.1436,0.0479,0.0938,0.7147
3347,0.9919,0.9944,0.0197,0.7311,0.2493,0.1392,0.0464,0.0888,0.7256
3348,0.9962,0.0040,0.3620,0.4442,0.1938,0.2341,0.4518,0.1064,0.2077
3349,0.6148,0.8943,0.0200,0.7195,0.2605,0.1472,0.0491,0.0968,0.7069
3350,0.0654,0.7787,0.0197,0.7281,0.2522,0.1406,0.0469,0.0906,0.7220
3351,0.9915,0.9942,0.0197,0.7322,0.2482,0.1391,0.0464,0.0895,0.7250
3352,0.8777,0.9467,0.0981,0.4291,0.4728,0.3882,0.3285,0.0787,0.2045
3353,0.2080,0.9806,0.4759,0.3314,0.1927,0.1819,0.2110,0.1051,0.5021
3354,0.3635,0.9931,0.1264,0.6348,0.2389,0.1474,0.0556,0.0968,0.7002
3355,0.9898,0.9932,0.0198,0.7312,0.2490,0.1405,0.0468,0.0910,0.7216
3356,0.9914,0.9948,0.1365,0.6281,0.2354,0.1400,0.0467,0.0896,0.7237
3357,0.9237,0.9945,0.0196,0.7320,0.2483,0.1442,0.0481,0.0948,0.7129
3358,0.9957,0.9943,0.0197,0.7315,0.2488,0.1398,0.0466,0.0893,0.7243
3359,0.5662,0.4489,0.0197,0.7200,0.2603,0.1419,0.0473,0.0931,0.7177
3360,0.9922,0.9944,0.0197,0.7275,0.2528,0.1396,0.0465,0.0891,0.7247
3361,0.8800,0.9824,0.0198,0.0578,0.9224,0.7029,0.0391,0.0625,0.1955
3362,0.9709,0.9879,0.0571,0.1626,0.7803,0.6954,0.0451,0.0629,0.1966
3363,0.9582,0.8184,0.0198,0.4879,0.4923,0.1447,0.0482,0.0950,0.7120
3364,0.1312,0.9827,0.0366,0.7098,0.2537,0.1573,0.1349,0.1027,0.6052
3365,0.9525,0.9905,0.0662,0.0226,0.9112,0.5697,0.1700,0.0631,0.1972
3366,0.9067,0.0045,0.0417,0.7083,0.2501,0.1398,0.0466,0.0900,0.7236
3367,0.8993,0.9931,0.0196,0.7324,0.2480,0.1385,0.0462,0.0884,0.7269
3368,0.9799,0.9774,0.0197,0.6955,0.2848,0.1407,0.0469,0.0913,0.7211
3369,0.8201,0.9881,0.0200,0.6906,0.2895,0.1498,0.0490,0.0961,0.7050
3370,0.9982,0.9924,0.0199,0.7285,0.2516,0.1419,0.0473,0.0917,0.7191
3371,0.9954,0.9937,0.0197,0.7296,0.2508,0.1410,0.0470,0.0909,0.7211
3372,0.8855,0.9920,0.1167,0.4357,0.4476,0.3920,0.0481,0.1774,0.3826
3373,0.7981,0.9940,0.0197,0.7292,0.2511,0.1456,0.0485,0.0959,0.7100
3374,0.9811,0.9874,0.4462,0.3634,0.1904,0.2271,0.1188,0.1175,0.5365
3375,0.9879,0.9767,0.0198,0.6972,0.2830,0.1709,0.1747,0.1044,0.5500
3376,0.9978,0.9950,0.0197,0.7314,0.2489,0.1398,0.0466,0.0894,0.7243
3377,0.8730,0.9940,0.5717,0.2596,0.1687,0.1777,0.2039,0.1037,0.5147
3378,0.9868,0.8729,0.0197,0.6992,0.2811,0.1433,0.0478,0.0961,0.7128
3379,0.1022,0.9924,0.3576,0.4153,0.2270,0.1630,0.1535,0.1024,0.5811
3380,0.9946,0.9933,0.3231,0.4506,0.2262,0.1589,0.0493,0.1053,0.6864
3381,0.9480,0.9914,0.4213,0.1361,0.4426,0.6603,0.0849,0.0618,0.1930
3382,0.9762,0.9902,0.1073,0.1794,0.7133,0.6302,0.1128,0.0623,0.1947
3383,0.7714,0.9926,0.1729,0.3791,0.4480,0.5558,0.0486,0.0858,0.3098
3384,0.9134,0.9940,0.2006,0.5624,0.2370,0.3040,0.3798,0.0982,0.2181
3385,0.9761,0.9943,0.0196,0.7319,0.2484,0.1388,0.0463,0.0886,0.7263
3386,0.9586,0.0414,0.1417,0.6186,0.2397,0.2432,0.3833,0.1174,0.2561
3387,0.8709,0.9930,0.4185,0.3821,0.1994,0.2393,0.4526,0.1063,0.2019
3388,0.7264,0.9932,0.2236,0.0995,0.6769,0.6913,0.0406,0.0650,0.2031
3389,0.3947,0.9937,0.0197,0.7301,0.2502,0.1485,0.0762,0.0989,0.6765
3390,0.4778,0.8944,0.0197,0.7241,0.2562,0.1458,0.0486,0.0969,0.7087
3391,0.9221,0.9061,0.0274,0.7143,0.2584,0.2380,0.4358,0.1030,0.2232
3392,0.7954,0.9943,0.0381,0.7139,0.2480,0.1910,0.2271,0.1056,0.4763
3393,0.4478,0.8270,0.0271,0.7055,0.2673,0.1482,0.0634,0.1006,0.6878
3394,0.8863,0.9926,0.2198,0.0606,0.7197,0.7027,0.0391,0.0626,0.1956
3395,0.9951,0.0045,0.3411,0.4477,0.2112,0.1484,0.0685,0.1008,0.6823
3396,0.9955,0.0045,0.0198,0.7326,0.2476,0.1394,0.0465,0.0900,0.7242
3397,0.9882,0.9938,0.1489,0.6151,0.2360,0.1459,0.0486,0.0944,0.7112
3398,0.8453,0.9849,0.1588,0.6002,0.2410,0.1489,0.0496,0.1049,0.6966
3399,0.9966,0.9950,0.0815,0.6783,0.2402,0.1412,0.0471,0.0906,0.7211
3400,0.7770,0.0059,0.0357,0.7140,0.2503,0.1395,0.0465,0.0905,0.7235
3401,0.9161,0.0047,0.0602,0.6953,0.2445,0.1396,0.0465,0.0898,0.7240
3402,0.7015,0.9880,0.0198,0.7292,0.2510,0.1489,0.0605,0.0993,0.6914
3403,0.9404,0.9922,0.0819,0.5001,0.4180,0.3879,0.3413,0.0717,0.1991
3404,0.9271,0.9913,0.0553,0.4199,0.5248,0.4466,0.2543,0.0802,0.2189
3405,0.9987,0.9945,0.0197,0.7324,0.2479,0.1384,0.0461,0.0880,0.7274
3406,0.9740,0.0061,0.0198,0.7300,0.2502,0.1434,0.0478,0.0956,0.7132
3407,0.9725,0.9948,0.0198,0.7274,0.2528,0.1422,0.0474,0.0918,0.7185
3408,0.9011,0.9809,0.3716,0.4288,0.1996,0.1599,0.1465,0.1024,0.5913
3409,0.9529,0.7503,0.2955,0.4741,0.2304,0.2497,0.4497,0.0999,0.2008
3410,0.9779,0.9927,0.4649,0.2996,0.2355,0.2375,0.4542,0.0974,0.2109
3411,0.9843,0.9947,0.0699,0.6875,0.2426,0.1680,0.1651,0.1042,0.5627
